team,name,season_year,games_played,iceTime_minutes,input_shotAttempts_per60,input_unblockedShots_per60,input_shotsOnGoal_per60,input_xGoals_per60,input_corsi_pct,input_fenwick_pct,input_xG_per_shotAttempt,input_xG_per_unblockedShot,input_xG_per_SOG,input_pct_highDanger,input_pct_mediumDanger,input_pct_lowDanger,input_ratio_HD_LD,input_ratio_HD_MD,input_ratio_MD_LD,input_shot_completion_rate,input_unblocked_rate,input_blocked_shot_rate,input_missed_net_rate,input_rebounds_per60,input_takeaways_per60,input_giveaways_per60,input_takeaway_giveaway_ratio,input_xG_per_rebound,input_pct_xG_from_rebounds,input_penalty_differential_per60,input_penalties_taken_per60,input_faceoff_win_pct,input_hits_per60,input_zone_exit_success,output_goals_per60,output_goals_pct,output_xGoals_pct,output_ratio_GF_xG,output_shooting_pct_SOG,output_shooting_pct_unblocked,output_shooting_pct_attempts,output_shooting_pct_vs_expected,output_goals_above_expected,output_pct_goals_highDanger,output_pct_goals_mediumDanger,output_pct_goals_lowDanger,output_reboundGoals_per60,output_rebound_conversion,output_shooting_pct_HD,output_shooting_pct_MD,output_shooting_pct_LD,output_HD_goals_vs_xG,output_MD_goals_vs_xG,output_LD_goals_vs_xG
T.B,T.B,2020-2021,56,2675.116666666667,52.21454516002417,40.058066003351875,29.51646968668033,2.3714105926844313,0.52,0.52,0.04541666666666667,0.0591993281075028,0.0803419452887538,0.04479283314669653,0.20100783874580067,0.7541993281075028,0.05939123979213066,0.22284122562674094,0.26651818856718634,0.5652920962199313,0.7671821305841925,0.23281786941580757,0.2631578947368421,2.0186035500009347,4.351212096668681,5.1810824450023985,0.8398268398268398,0.19944444444444442,0.16977206090986474,-0.08971571333337487,4.261496383335306,0.4970513900589722,28.30530755667977,0.5455291222313372,2.5120399733344962,0.5333333333333333,0.5208887575130554,1.0238910432233048,0.0851063829787234,0.06270996640537514,0.048109965635738834,0.004764437689969606,6.269999999999996,0.25892857142857145,0.38392857142857145,0.35714285714285715,0.5158653516669055,0.25555555555555554,0.3625,0.11977715877437325,0.02969561989606533,1.2736056214317084,0.979498861047836,1.0240655401945724
CBJ,CBJ,2020-2021,56,2922.55,48.163418932096974,37.09773998733982,27.777112453165902,2.0230278352808337,0.47,0.47,0.04200341005967605,0.05453237410071943,0.07283074648928307,0.04095185390149419,0.1627006087437742,0.7963475373547316,0.05142460041695622,0.25170068027210885,0.20430854760250175,0.5767263427109974,0.7702472293265132,0.2297527706734868,0.25124515771997785,1.8887615267489009,5.727874630031993,8.458366837179861,0.6771844660194175,0.2039130434782609,0.19037954130302415,-0.2668902157362577,2.709962190552771,0.4524,24.020119416263196,0.5671521035598706,2.0119416263194814,0.4279475982532751,0.4604672897196262,0.9293767609722028,0.07243163340724317,0.054233536247924735,0.041773231031543054,-3.9911308203990914e-4,-0.5400000000000063,0.16326530612244897,0.3877551020408163,0.4489795918367347,0.4516603650921284,0.2391304347826087,0.21621621621621623,0.1292517006802721,0.030576789437109102,0.7390300230946882,1.075573167279932,1.0587102983638113
ANA,ANA,2020-2021,56,2783.7,51.34173941157452,37.54714947731436,26.145058734777454,2.0004310809354457,0.49,0.48,0.038963056255247694,0.05327784156142365,0.07651277823577907,0.04362801377726751,0.16762342135476463,0.7887485648679678,0.055312954876273655,0.2602739726027397,0.21251819505094613,0.5092359361880773,0.7313182199832073,0.2686817800167926,0.3036739380022962,1.8967561159607718,5.604052160793189,8.794051083090851,0.6372549019607843,0.20352272727272727,0.19297489494666523,-0.9699321047526673,3.922836512555232,0.5132105684547638,26.2097208750943,0.5878434637801832,2.176958724000431,0.45089285714285715,0.4572371662232732,0.9861246863792388,0.0832646331409728,0.05797933409873708,0.04240134340890008,0.006751854905193727,8.189999999999998,0.15841584158415842,0.46534653465346537,0.37623762376237624,0.30175665481194097,0.1590909090909091,0.21052631578947367,0.16095890410958905,0.027656477438136828,0.7597340930674265,1.3544668587896251,1.0256410256410258
CHI,CHI,2020-2021,56,2797.7833333333333,47.759237968153364,34.5702252378371,26.91416418950717,1.9500437846628582,0.46,0.45,0.040830713964975306,0.05640818858560794,0.07245418326693227,0.038461538461538464,0.19727047146401985,0.7642679900744417,0.05032467532467533,0.1949685534591195,0.25811688311688313,0.5635383924562192,0.7238437359676695,0.2761562640323305,0.22146401985111663,1.4368517933840481,6.476555844805709,9.650497119743607,0.6711111111111111,0.20776119402985074,0.1530847904981854,0.3431287864797727,3.1739412749378975,0.4669987546699875,23.804559562034232,0.5738893925657298,2.144554915498579,0.4424778761061947,0.44839489126682774,0.9868040085293658,0.0796812749003984,0.062034739454094295,0.0449034575662326,0.007227091633466132,9.069999999999993,0.14,0.49,0.37,0.2573465898598295,0.1791044776119403,0.22580645161290322,0.1540880503144654,0.030032467532467532,0.8004574042309892,1.2714063310845876,1.0601719197707737
NYR,NYR,2020-2021,56,2726.016666666667,48.53235184426605,37.28517189305519,27.468650839747863,2.0909630046282426,0.47,0.48,0.04308390022675737,0.05608028335301062,0.07612179487179487,0.050177095631641085,0.16765053128689492,0.782172373081464,0.06415094339622641,0.2992957746478873,0.21433962264150944,0.5659863945578232,0.7682539682539683,0.23174603174603176,0.2632821723730815,1.804831225047536,7.065253941954378,9.728480505744034,0.7262443438914027,0.22402439024390244,0.19336842105263158,0.3301520533623541,4.049865187911544,0.45281385281385284,26.30211358453421,0.6136560069144339,2.5531758793355386,0.5225225225225225,0.48174442190669375,1.084646752015173,0.09294871794871795,0.06847697756788666,0.052607709750566896,0.016826923076923087,21,0.22413793103448276,0.3275862068965517,0.4482758620689655,0.41819260092564853,0.23170731707317074,0.3058823529411765,0.13380281690140844,0.03924528301886793,1.088321473419841,1.0860245784509859,1.4400443090556632
WSH,WSH,2020-2021,56,2769.9666666666667,52.202794257451956,39.42285707409235,28.202505445312216,2.260316008616229,0.51,0.5,0.043298755186721986,0.057335164835164834,0.08014592933947773,0.0489010989010989,0.18186813186813186,0.7692307692307693,0.06357142857142857,0.2688821752265861,0.23642857142857143,0.5402489626556016,0.7551867219917012,0.24481327800829875,0.2846153846153846,1.9494819432243469,6.953152264166837,7.624640489055222,0.9119318181818182,0.21055555555555555,0.1816003833253474,-0.38989638864486936,3.8773029759684228,0.49673469387755104,26.512954427851117,0.5501976284584981,2.837579272915438,0.5504201680672269,0.51459710030575,1.0696138158186133,0.10061443932411675,0.07197802197802197,0.05435684647302905,0.02046850998463902,26.650000000000006,0.17557251908396945,0.37404580152671757,0.45038167938931295,0.4115572991251399,0.2111111111111111,0.25842696629213485,0.14803625377643503,0.04214285714285714,0.9376273950264982,1.227762465547482,1.4786967418546366
VGK,VGK,2020-2021,56,2764.233333333333,59.12670179796688,43.04267608860805,30.605231106877135,2.711710299419972,0.53,0.54,0.045862701908957415,0.0630005042864347,0.08860283687943263,0.06253151790216843,0.19768028240040342,0.7397881996974282,0.0845262440354465,0.3163265306122449,0.267211997273347,0.5176211453744494,0.7279735682819384,0.2720264317180617,0.28895612708018154,2.56128884440532,7.510219831900345,6.0342228707176195,1.2446043165467626,0.2206779661016949,0.2084367245657568,0.5643517792757485,3.1690522990099725,0.49277754849360295,24.896595801126292,0.5416354088522131,2.930288084701002,0.5818965517241379,0.534231344879196,1.0892220333041678,0.09574468085106383,0.0680786686838124,0.04955947136563876,0.007141843971631201,10.069999999999993,0.17777777777777778,0.4,0.4222222222222222,0.499234266282393,0.19491525423728814,0.1935483870967742,0.1377551020408163,0.03885480572597137,0.7052600646488393,1.1221945137157108,1.332398316970547
PHI,PHI,2020-2021,56,2791.8,52.74016763378465,39.43692241564582,28.08940468514937,2.2624113475177303,0.52,0.52,0.04289731051344743,0.05736784741144414,0.08054322876817138,0.04741144414168937,0.18201634877384196,0.7705722070844687,0.06152758132956153,0.26047904191616766,0.2362093352192362,0.532599837000815,0.747758761206194,0.25224123879380606,0.2877384196185286,2.385557704706641,5.200945626477542,7.865892972275951,0.6612021857923497,0.19531531531531532,0.20594661347012444,-0.4298302170642596,3.8039974210186975,0.5302847974328119,24.306898774983882,0.5828617623282134,2.3210831721470018,0.4462809917355372,0.5059111880046137,0.8821330745732932,0.08263198163733741,0.05885558583106267,0.044009779951100246,0.00208875286916603,2.730000000000004,0.28703703703703703,0.42592592592592593,0.28703703703703703,0.4083387062110466,0.17117117117117117,0.3563218390804598,0.1377245508982036,0.021923620933521924,1.2581168831168832,1.1143410852713178,0.788002033553635
PIT,PIT,2020-2021,56,2822.3166666666666,49.76762588653529,38.13888117917313,28.55101305664968,2.175659475962419,0.5,0.5,0.04371636052968817,0.057045707915273136,0.07620253164556963,0.04626532887402453,0.17558528428093645,0.778149386845039,0.05945558739255014,0.2634920634920635,0.22564469914040114,0.5736864587782998,0.7663391712943187,0.23366082870568133,0.25139353400222963,1.8070261428259289,7.717064586421321,7.632028062053042,1.011142061281337,0.21611764705882355,0.179499706859488,0.2338504420127673,3.0613148772580447,0.4990011985617259,25.87236253904889,0.5303408146300914,2.6786505176007886,0.5550660792951542,0.4925876010781672,1.1268372936716946,0.09381980640357408,0.07023411371237458,0.05382315249893208,0.017617274758004453,23.659999999999997,0.21428571428571427,0.40476190476190477,0.38095238095238093,0.4039234907493253,0.2235294117647059,0.3253012048192771,0.1619047619047619,0.034383954154727794,1.152860802732707,1.3168086754453914,1.1943269470017417
BUF,BUF,2020-2021,56,2851.3,47.893943113667454,37.60389997544979,27.355942903237118,2.139024304703118,0.47,0.46,0.04466168717047452,0.05688304420817012,0.0781923076923077,0.045327364297705654,0.182988248461108,0.7716843872411864,0.05873821609862219,0.24770642201834864,0.23712835387962292,0.5711775043936731,0.7851493848857645,0.2148506151142355,0.27252378287632906,1.9570020692315788,5.934135306702206,6.544383263774419,0.9067524115755627,0.21526881720430108,0.196950319724545,0.18938729702241083,2.967067653351103,0.48787505137690096,20.05401045137306,0.6142172523961661,1.8517869042191282,0.39111111111111113,0.46271849963583395,0.8452463245340767,0.06769230769230769,0.049244543928371576,0.03866432337434095,-0.01050000000000001,-13.650000000000006,0.18181818181818182,0.2840909090909091,0.5340909090909091,0.2946024620348613,0.15053763440860216,0.19753086419753085,0.0764525993883792,0.0340826686004351,0.6805614632071458,0.6313131313131313,1.2198287049052685
COL,COL,2020-2021,56,2666.95,63.7582256885206,46.36757344532144,33.29646225088584,2.685539661410975,0.59,0.58,0.042120677487649964,0.057918486171761284,0.0806554054054054,0.050460941290635615,0.16836487142163997,0.7811741872877244,0.06459627329192547,0.29971181556195964,0.21552795031055902,0.5222300635144672,0.7272406492589979,0.2727593507410021,0.2819019893255701,2.6997131554772307,6.2543354768555846,6.344325915371492,0.9858156028368794,0.21958333333333335,0.22074223004104884,0.6749282888693077,3.8920864658130077,0.5237113402061856,19.190461013517314,0.5676056338028169,2.9471868613959766,0.5954545454545455,0.6017239641092852,0.9895809058161409,0.08851351351351351,0.06356137797185832,0.046224417784050814,0.007858108108108108,11.629999999999995,0.21374045801526717,0.3511450381679389,0.4351145038167939,0.5174450214664692,0.19166666666666668,0.2692307692307692,0.13256484149855907,0.03540372670807453,0.9308510638297873,1.1156924569488238,1.1857707509881423
N.J,N.J,2020-2021,56,2803.7166666666667,52.23780339192619,39.590305725138656,28.09841698222003,2.3161398857468956,0.51,0.49,0.044338385907415,0.058502702702702705,0.08242955064737244,0.04432432432432432,0.1881081081081081,0.7675675675675676,0.057746478873239436,0.23563218390804597,0.24507042253521127,0.5378943056124539,0.7578861122490782,0.24211388775092174,0.29027027027027025,1.7976138815738634,7.875260814514068,10.122278166481395,0.7780126849894292,0.2448809523809524,0.19005820936893653,0.3852029746229707,2.974622970699607,0.4708952228020875,18.72514459972774,0.5764430577223089,2.1828168561968337,0.4533333333333333,0.48966203682757997,0.9258086174504911,0.07768469154607768,0.055135135135135134,0.04178615321589513,-0.004744859101294754,-6.230000000000004,0.19607843137254902,0.43137254901960786,0.37254901960784315,0.4066031398798024,0.2261904761904762,0.24390243902439024,0.12643678160919541,0.02676056338028169,0.8392782207301721,1.0582010582010581,0.8874357776739841
FLA,FLA,2020-2021,56,2713.25,55.24002579931816,43.1880586013084,32.88307380447802,2.449534690868884,0.53,0.54,0.04434347477982386,0.05671786994367639,0.0744922663080027,0.04352278545826933,0.17562724014336917,0.7808499743983615,0.05573770491803279,0.2478134110787172,0.22491803278688524,0.5952762209767815,0.7818254603682946,0.21817453963170536,0.23860727086533537,2.2555975306366904,7.253294020086613,8.425320187966461,0.8608923884514436,0.21431372549019606,0.1973458517649183,0.5970699345803003,4.179489542062103,0.4911452184179457,27.73058140606284,0.5619335347432024,2.653644153690224,0.5607476635514018,0.5375357888096278,1.0431820080169483,0.08069939475453934,0.06144393241167435,0.04803843074459568,0.006207128446536647,9.230000000000004,0.20833333333333334,0.35833333333333334,0.43333333333333335,0.5086151294572929,0.22549019607843138,0.29411764705882354,0.12536443148688048,0.03409836065573771,1.021659174499387,1.0404064843939027,1.1565836298932384
VAN,VAN,2020-2021,56,2701.4666666666667,51.460934800848925,39.02324663145945,28.762153891713144,2.289867232614382,0.46,0.47,0.044497194648252046,0.05867956744450768,0.07961389961389961,0.048947068867387596,0.19180421172453044,0.7592487194080819,0.06446776611694154,0.2551928783382789,0.25262368815592207,0.5589123867069486,0.7583081570996979,0.24169184290030213,0.26294820717131473,1.8434430679630818,7.040619910172252,9.99457085040225,0.7044444444444444,0.22734939759036146,0.18302618816682834,-0.13326094467203,3.908987710379547,0.5159183673469387,22.49888949212773,0.5914069081718618,2.2876462168698484,0.44017094017094016,0.4477741585233442,0.9830199706533364,0.07953667953667953,0.058622652248150255,0.044454035390591284,-7.72200772200804e-5,-0.09999999999999432,0.22330097087378642,0.4174757281553398,0.3592233009708738,0.35536251912541333,0.1927710843373494,0.26744186046511625,0.12759643916913946,0.027736131934032984,0.9292929292929293,1.0712506228201295,0.9683328971473436
CAR,CAR,2020-2021,56,2764.016666666667,57.19936565746709,43.17629536724935,30.889828208947126,2.5788556508945315,0.54,0.54,0.0450853889943074,0.05972850678733031,0.08348559381588194,0.053293112116641526,0.18501759678230267,0.7616892911010558,0.06996699669966996,0.28804347826086957,0.2429042904290429,0.5400379506641366,0.7548387096774194,0.24516129032258063,0.28456510809451985,2.670027315320096,5.296639552342303,9.616439842982134,0.5507900677200903,0.1995121951219512,0.20656565656565656,-0.36902816553204576,3.7119891944694015,0.5411808950733359,26.3746600659668,0.5058139534883721,2.279291610639106,0.5614973262032086,0.5400736464063282,1.0396680710851833,0.07378777231201687,0.05279034690799397,0.03984819734345351,-0.00969782150386507,-13.799999999999997,0.19047619047619047,0.44761904761904764,0.3619047619047619,0.26049046978732643,0.0975609756097561,0.18867924528301888,0.12771739130434784,0.025082508250825083,0.6697923643670463,1.0379858657243817,0.8701625830089306
L.A,L.A,2020-2021,56,2718.9333333333334,49.96076892899176,38.22087092977638,27.540211847783446,2.0114505688505298,0.48,0.48,0.040260600706713785,0.0526270207852194,0.07303685897435898,0.04676674364896074,0.14722863741339492,0.8060046189376443,0.058022922636103154,0.3176470588235294,0.1826647564469914,0.5512367491166078,0.765017667844523,0.23498233215547704,0.279445727482679,2.1846802667712826,3.685268732836407,7.41467242055708,0.49702380952380953,0.19939393939393937,0.21656609983543607,0.1544723420949392,3.442526480972931,0.49414316702819955,21.64819537073362,0.5340531561461794,2.096410357002746,0.4439252336448598,0.44824194738136214,0.9903696792285491,0.07612179487179487,0.05484988452655889,0.04196113074204947,0.0030849358974358865,3.8499999999999943,0.23157894736842105,0.4,0.3684210526315789,0.397214593958415,0.18181818181818182,0.2716049382716049,0.14901960784313725,0.025071633237822348,1.0073260073260073,1.2222579607590864,0.9157509157509158
BOS,BOS,2020-2021,56,2765.6833333333334,55.92831186988146,43.93127677909619,32.194575180335185,2.239952754292188,0.54,0.55,0.04005042668735454,0.05098765432098765,0.0695754716981132,0.036049382716049384,0.1639506172839506,0.8,0.04506172839506173,0.21987951807228914,0.20493827160493827,0.5756400310318076,0.7854926299456944,0.21450737005430567,0.2671604938271605,1.7789455288325369,7.072393199992768,7.094087657661458,0.9969418960244648,0.21170731707317073,0.16813559322033897,-0.6074448147233052,4.187030330057069,0.5414250207125103,27.55196123923563,0.5449890270665692,2.3213069705497738,0.535,0.5212014134275619,1.0264745762711864,0.07210242587601078,0.05283950617283951,0.041505042668735455,0.0025269541778975696,3.75,0.19626168224299065,0.4205607476635514,0.38317757009345793,0.41219469570510003,0.23170731707317074,0.2876712328767123,0.1355421686746988,0.025308641975308643,1.053687907676869,1.1312217194570136,0.9416628387689481
MIN,MIN,2020-2021,56,2742.5333333333333,47.8025183528611,36.92935971607759,26.603140648548788,2.3328066507851624,0.46,0.47,0.048800915331807776,0.06316943127962085,0.0876891447368421,0.06457345971563981,0.1943127962085308,0.7411137440758294,0.08713029576338929,0.3323170731707317,0.2621902478017586,0.5565217391304348,0.7725400457665904,0.22745995423340962,0.2796208530805687,2.515922018571637,6.016335261801741,7.482133307404346,0.804093567251462,0.22556521739130436,0.24327112444902937,0,3.806699402012738,0.47030878859857483,19.864845155330837,0.5818345323741008,2.7565754290437066,0.5384615384615384,0.5218774471417384,1.0317777505248198,0.10361842105263158,0.07464454976303317,0.057665903890160186,0.015929276315789484,19.370000000000005,0.23015873015873015,0.4126984126984127,0.35714285714285715,0.5250619864845155,0.20869565217391303,0.26605504587155965,0.15853658536585366,0.03597122302158273,0.9495743287491815,1.3108142172926645,1.2352456766401319
WPG,WPG,2020-2021,56,2776.883333333333,50.171355176366795,37.55289203123405,27.57047769381741,2.2432343214515074,0.48,0.48,0.0447114556416882,0.05973532796317606,0.08136363636363636,0.05178365937859609,0.19332566168009205,0.7548906789413119,0.06859756097560976,0.26785714285714285,0.25609756097560976,0.549526270456503,0.7484926787252368,0.25150732127476316,0.26582278481012656,1.8581983398654367,6.114768955603704,9.960807379976352,0.613882863340564,0.19453488372093022,0.1611442881911,0.3457113190447324,3.2626505734846623,0.49024707412223667,25.949955885795227,0.5524769101595298,2.3551583609922395,0.5190476190476191,0.46273845605277225,1.1216868022493145,0.08542319749216301,0.06271576524741082,0.04694229112833764,0.004059561128526651,5.180000000000007,0.1926605504587156,0.48623853211009177,0.3211009174311927,0.3457113190447324,0.18604651162790697,0.23333333333333334,0.15773809523809523,0.026676829268292682,0.8842105263157894,1.295210166177908,0.8937691521961185
S.J,S.J,2020-2021,56,2750.6,52.00319930197048,39.395041081945756,28.444702973896604,2.3445066530938705,0.48,0.48,0.04508389261744967,0.05951273532668882,0.08242331288343559,0.05647840531561462,0.18272425249169436,0.760797342192691,0.07423580786026202,0.3090909090909091,0.24017467248908297,0.5469798657718121,0.7575503355704698,0.2424496644295302,0.2779623477297896,2.6394241256453137,7.7219515742019915,7.0457354758961674,1.0959752321981424,0.1803305785123967,0.2030145143282471,-0.4144550279938923,4.013669744782956,0.4880264244426094,25.30357013015342,0.5769230769230769,2.290409365229405,0.4393305439330544,0.49427454587261443,0.8888391028865154,0.08052147239263803,0.05813953488372093,0.044043624161073824,-0.0019018404907975572,-2.480000000000004,0.20952380952380953,0.37142857142857144,0.41904761904761906,0.37082818294190356,0.14049586776859505,0.21568627450980393,0.11818181818181818,0.03202328966521106,0.7959479015918958,0.959409594095941,1.1233086545825888
CGY,CGY,2020-2021,56,2678.8,55.23368672539944,41.7276392414514,29.363894281021352,2.414065999701359,0.53,0.53,0.04370640713706407,0.057852925389157275,0.08221205186880244,0.04723564143853999,0.18947933440687065,0.7632850241545893,0.06188466947960619,0.24929178470254956,0.24824191279887484,0.5316301703163017,0.7554744525547445,0.24452554744525548,0.2962962962962963,1.8590413618037926,7.5257578020008955,12.946095266537256,0.5813148788927336,0.21542168674698794,0.1658934867322323,-0.04479617739286248,3.9868597879647605,0.4991379310344828,24.861878453038674,0.5586816720257235,2.508585934000299,0.5185185185185185,0.5339079605686828,0.9711758520442877,0.08543096872616324,0.06011808910359635,0.0454176804541768,0.0032189168573607957,4.219999999999999,0.20535714285714285,0.375,0.41964285714285715,0.2911751530536061,0.1566265060240964,0.26136363636363635,0.11898016997167139,0.03305203938115331,0.9285425918449738,0.9922041105598867,1.1559272011805215
STL,STL,2020-2021,56,2801.85,47.79699127362278,35.26955404464908,26.6609561539697,1.879758017024466,0.48,0.48,0.03932795698924731,0.05329690346083789,0.07050602409638554,0.04068002428658166,0.1621129326047359,0.7972070431086824,0.051028179741051026,0.250936329588015,0.20335110434120335,0.5577956989247311,0.7379032258064516,0.2620967741935484,0.24408014571949,1.7131538090904224,6.338669093634563,7.7948498313614225,0.8131868131868132,0.19424999999999998,0.1770334928229665,-0.4282884522726056,3.6618662669307778,0.5253322259136213,25.076288880561055,0.5428571428571428,2.1842711065902884,0.4834123222748815,0.4556686046511628,1.060885734370394,0.0819277108433735,0.061930783242258654,0.0456989247311828,0.011421686746987958,14.219999999999999,0.13725490196078433,0.45098039215686275,0.4117647058823529,0.3212163392044542,0.1875,0.208955223880597,0.17228464419475656,0.03198781416603199,0.7650273224043715,1.435257410296412,1.122394441475147
OTT,OTT,2020-2021,56,2745.45,54.002076162377755,40.889471671310716,28.67289515379992,2.23176528437961,0.49,0.49,0.04132739781464994,0.05458043826830572,0.07783536585365854,0.03687867450561197,0.1897381079636558,0.7733832175307322,0.04768486523842433,0.19436619718309858,0.2453351762266759,0.5309591258599757,0.7571833265884257,0.24281667341157426,0.29877071084981294,2.141725400207616,5.835108998524833,12.019887450144786,0.48545454545454547,0.17785714285714285,0.1706815511163337,-0.10927170409222532,4.174179096323007,0.4893350062735257,31.645085505108455,0.5537065052950075,2.2947057859367317,0.4430379746835443,0.4744912182882632,0.9337116422972228,0.08003048780487805,0.05611972207375735,0.042492917847025496,0.002195121951219514,2.8799999999999955,0.1523809523809524,0.5142857142857142,0.3333333333333333,0.34966945309512104,0.16326530612244897,0.2318840579710145,0.15211267605633802,0.024187975120939877,0.8662696264212236,1.284796573875803,0.8409418548774628
EDM,EDM,2020-2021,56,2767.3333333333335,51.688749698867746,38.549747048903875,28.099253192001928,2.43461816429776,0.49,0.49,0.0471015100671141,0.06315523059617548,0.08664351851851852,0.0562429696287964,0.2170978627671541,0.7266591676040495,0.07739938080495357,0.25906735751295334,0.29876160990712075,0.5436241610738255,0.7458053691275168,0.25419463087248323,0.27109111361079863,1.7562033245001205,6.959768730426403,11.946518911105757,0.5825771324863884,0.21222222222222223,0.15308576008549293,0.30354131534569984,3.403999036376777,0.5006457167455876,28.814743435316792,0.5516129032258065,2.493375090339677,0.4956896551724138,0.4956521739130435,1.0000756200846945,0.08873456790123457,0.06467941507311586,0.04823825503355705,0.002091049382716051,2.7099999999999937,0.14782608695652175,0.45217391304347826,0.4,0.3252228378703927,0.18518518518518517,0.17,0.13471502590673576,0.03560371517027864,0.6444275966641395,1.123352775977533,1.1610297829379101
NSH,NSH,2020-2021,56,2777.616666666667,52.12382318174454,40.73996291784923,29.053685113736595,2.2253610709421148,0.5,0.51,0.04269374222958972,0.05462354188759279,0.07659479553903345,0.036055143160127257,0.17815482502651114,0.7857900318133616,0.04588394062078273,0.20238095238095238,0.22672064777327935,0.5573974305843349,0.7815996684624948,0.21840033153750518,0.28685047720042417,1.7713027355586624,4.838680643477322,7.4308309881973145,0.6511627906976745,0.19853658536585367,0.15802756746262864,0.06480375861799985,3.758617999843991,0.5228113440197287,23.41575811397061,0.5587797619047619,2.2897328045026613,0.5408163265306123,0.4974168316353628,1.087249751385703,0.07881040892193308,0.05620360551431601,0.043928719436386245,0.002215613382899634,2.980000000000004,0.18867924528301888,0.39622641509433965,0.41509433962264153,0.28081628734466596,0.15853658536585366,0.29411764705882354,0.125,0.029689608636977057,1.0810810810810811,1.0071942446043165,1.0277972436346647
MTL,MTL,2020-2021,56,2803.233333333333,57.79040869472158,41.93015208628132,30.286454927048524,2.4460325576417707,0.55,0.54,0.04232592592592593,0.05833588565594691,0.08076325088339223,0.04900459418070444,0.19397651863195509,0.7570188871873405,0.06473364801078894,0.25263157894736843,0.25623735670937287,0.524074074074074,0.7255555555555555,0.27444444444444444,0.2776927003573252,1.7123084057695281,5.24394449266918,12.86371689834358,0.40765391014975044,0.1985,0.13895694784739238,-0.3638655362260247,3.617251507188128,0.49379139072847683,31.335243825582364,0.5355859094176851,2.2688086376446246,0.507177033492823,0.5304246925040613,0.9561716124083715,0.07491166077738516,0.05410923940786115,0.03925925925925926,-0.005851590106007068,-8.280000000000001,0.22641509433962265,0.4339622641509434,0.33962264150943394,0.34246168115390563,0.2,0.25,0.12105263157894737,0.024275118004045852,0.9471191791633781,0.9920207030407592,0.8452688424512795
DAL,DAL,2020-2021,56,2851.6,52.7914153457708,38.862393042502454,28.468228363024263,2.1179688595876,0.53,0.52,0.04011956954962136,0.05449918787222523,0.07439763488543977,0.040606388738494856,0.17108825121819166,0.7883053600433135,0.05151098901098901,0.23734177215189872,0.21703296703296704,0.5392586687923475,0.7361498605021921,0.2638501394978079,0.2674607471575528,2.019918642165802,4.671061860008416,8.605695048393883,0.5427872860635696,0.1959375,0.186866679912577,0.12624491513536262,3.2402861551409736,0.5232050773502578,27.43722822275214,0.5569811320754717,2.125122738111937,0.5153061224489796,0.5425245230139054,0.9498301009257267,0.07464892830746489,0.05468327016783974,0.04025508170585891,2.5129342202512284e-4,0.3400000000000034,0.2376237623762376,0.39603960396039606,0.36633663366336633,0.46289802216299625,0.22916666666666666,0.32,0.12658227848101267,0.025412087912087912,1.1488750598372426,1.0534632604687912,0.8851674641148326
TOR,TOR,2020-2021,56,2795.133333333333,52.72020416438095,40.463186013785865,29.30092780308632,2.8710616070789703,0.51,0.52,0.054458469055374596,0.070954907161803707,0.09798534798534798,0.058355437665782495,0.2647214854111406,0.676923076923077,0.08620689655172414,0.22044088176352705,0.39106583072100315,0.5557817589576547,0.7675081433224755,0.23249185667752442,0.27586206896551724,1.9963269492212656,7.040809025210485,13.587902783409259,0.5181674565560821,0.23365591397849464,0.16246728971962618,0,3.1984162949889092,0.5104835258878905,19.963269492212653,0.5406885758998435,2.8549621961981537,0.5833333333333334,0.5559250176649071,1.0493021806853584,0.09743589743589744,0.07055702917771883,0.05415309446254072,-5.494505494505475e-4,-0.75,0.23308270676691728,0.43609022556390975,0.3308270676691729,0.4293176234884442,0.21505376344086022,0.2818181818181818,0.11623246492985972,0.034482758620689655,0.999033193683532,0.9623361539737846,1.0367577756833177
ARI,ARI,2020-2021,56,2722.266666666667,51.089778126071415,38.30631336631239,26.62487143067052,2.1295489053239947,0.49,0.49,0.041682484900776536,0.05559263521288838,0.07998344370860927,0.04948216340621404,0.16455696202531644,0.7859608745684695,0.0629575402635432,0.3006993006993007,0.20937042459736457,0.5211389128559103,0.7497842968075927,0.25021570319240727,0.3049482163406214,2.5126120389871187,5.972963706714992,6.854581966008718,0.8713826366559485,0.19456140350877194,0.22955909749534256,0.462849586129206,3.4162707547631874,0.49305263157894735,29.93093990302199,0.5732323232323232,2.1820051917519714,0.46261682242990654,0.4817270778281897,0.9603297047688506,0.08195364238410596,0.056962025316455694,0.04270923209663503,0.0019701986754966927,2.3799999999999955,0.1717171717171717,0.3434343434343434,0.48484848484848486,0.41876867316451977,0.16666666666666666,0.19767441860465115,0.11888111888111888,0.03513909224011713,0.737527114967462,0.9705966314587496,1.2454592631032693
DET,DET,2020-2021,56,2791.5666666666666,45.13594516818513,34.539744707273094,25.899435203649087,1.9251555279592103,0.45,0.45,0.04265238095238095,0.05573739887990043,0.07433195020746887,0.04169259489732421,0.16677037958929683,0.791537025513379,0.05267295597484277,0.25,0.21069182389937108,0.5738095238095238,0.7652380952380953,0.23476190476190475,0.25015556938394523,1.6979712706126788,3.5678889990089195,7.587137449699691,0.4702549575070821,0.24493670886075952,0.21603215362286482,-0.3868795300130154,3.503409077340084,0.5019075879610004,19.558909572880225,0.5780445969125214,1.8699177283962412,0.435,0.4533583033861416,0.9595059729820253,0.07219917012448132,0.054138145612943375,0.041428571428571426,-0.002132780082987548,-2.569999999999993,0.1724137931034483,0.4367816091954023,0.39080459770114945,0.3438929155671248,0.20253164556962025,0.22388059701492538,0.1417910447761194,0.026729559748427674,0.7735946364105208,1.1059371362048893,0.9494554593688913
NYI,NYI,2020-2021,56,2855.1666666666665,49.489230050785125,37.4689160002335,27.844258945770825,2.2313233319712804,0.49,0.49,0.04508704883227176,0.05955131800336512,0.08013584905660377,0.051598429613011774,0.19068984856982613,0.7577117218171621,0.06809770540340489,0.27058823529411763,0.25166543301258326,0.5626326963906582,0.7571125265392782,0.24288747346072187,0.2568704430734717,1.6601482692195435,4.854357597338159,8.195668670830658,0.5923076923076923,0.220253164556962,0.16387266905255224,0.27318895569435525,2.626816881676493,0.5196413321947054,28.810927558227775,0.5940032414910859,2.3746424610355494,0.5566502463054187,0.536533602829712,1.0374937252198377,0.08528301886792453,0.0633763320246775,0.04798301486199576,0.005147169811320754,6.819999999999993,0.24778761061946902,0.3805309734513274,0.37168141592920356,0.33623256085459113,0.20253164556962025,0.30434782608695654,0.1264705882352941,0.031088082901554404,1.0674799847502858,1.0277246653919694,1.102072946733141
WPG,WPG,2021-2022,82,4054.0833333333335,54.80400419330305,41.94289707907665,30.295381200024668,2.6796686468375506,0.49,0.5,0.0488954901431272,0.06388849682427664,0.0884513922813874,0.05504587155963303,0.21277346506704306,0.7321806633733239,0.07518072289156627,0.25870646766169153,0.2906024096385542,0.5527950310559007,0.7653254118282473,0.23467458817175263,0.27769936485532815,2.219983966782462,7.1483483730395285,10.759522292339,0.6643741403026134,0.21393333333333336,0.17723406605545125,0.20719850356636313,3.6999732779707704,0.5126099706744868,26.13661123558552,0.5572365103378719,2.308783325453761,0.49056603773584906,0.4945913461538461,0.9918613448267958,0.07620908646800195,0.05504587155963303,0.04212800432082096,-0.012242305813385451,-25.060000000000002,0.21794871794871795,0.4358974358974359,0.34615384615384615,0.3107977553495447,0.14,0.21794871794871795,0.11276948590381426,0.026024096385542168,0.8077928248990258,0.909942459520942,0.8407286314806165
CBJ,CBJ,2021-2022,82,4066.2,53.60779105799026,40.19477644975653,28.744282130736313,2.4091781024051944,0.48,0.47,0.044940820258739335,0.05993759177679883,0.08381416837782342,0.048091042584434654,0.19236417033773862,0.7595447870778267,0.06331561140647655,0.25,0.2532624456259062,0.5361959812826865,0.749793559042114,0.250206440957886,0.28487518355359764,2.051055039102848,7.304116865869854,7.717279032020069,0.9464627151051626,0.22532374100719424,0.19182948490230906,-0.26560424966799473,3.8217500368894792,0.49083333333333334,22.51733805518666,0.5751633986928104,2.611775121735281,0.45268542199488493,0.44981678926633056,1.0063773358331805,0.09086242299794661,0.06497797356828194,0.04872006606110652,0.007048254620123193,13.72999999999999,0.24293785310734464,0.3559322033898305,0.4011299435028249,0.5312084993359895,0.2589928057553957,0.3282442748091603,0.12022900763358779,0.03431609473175447,1.1303890641430074,0.9977827050997783,1.143317230273752
PIT,PIT,2021-2022,82,4117.983333333334,56.9113522395671,44.17696364320724,32.88502867503916,2.6813610221831885,0.52,0.53,0.04711469534050179,0.060695910290237465,0.08153743907842269,0.048812664907651716,0.1945910290237467,0.7565963060686016,0.06451612903225806,0.25084745762711863,0.25719267654751526,0.5778289810547875,0.7762416794674859,0.22375832053251407,0.25560686015831136,2.447800096325467,8.028201506400787,7.503672914331044,1.0699029126213593,0.21333333333333335,0.19475085583872195,0.451677398726723,3.1908822684242693,0.5067923482118104,27.115214162271986,0.5371321812237272,2.6226429603487142,0.5389221556886228,0.5347377596978062,1.0078251365551243,0.07975188303057155,0.059366754617414245,0.04608294930875576,-0.0017855560478511334,-4.030000000000001,0.17222222222222222,0.4666666666666667,0.3611111111111111,0.43710716005811906,0.17857142857142858,0.20945945945945946,0.1423728813559322,0.02833478639930253,0.7363420427553444,1.162147205312673,0.933237616654702
NSH,NSH,2021-2022,82,3933.633333333333,53.29424026980993,40.74096043522104,28.645272818174885,2.413036293841995,0.5,0.5,0.045277618775042924,0.05922875327592662,0.08423855165069222,0.04455260202171472,0.19243728940471733,0.763010108573568,0.058390578999018644,0.23151750972762647,0.2522080471050049,0.5374928448769318,0.7644533485975958,0.23554665140240413,0.2968925496068888,2.028658831106102,6.711352523960037,9.243362794363142,0.7260726072607261,0.19924812030075187,0.16750948166877372,-0.32031455227991085,5.109779762560483,0.506860592755214,35.50915608131584,0.528281164195497,2.5167571964850137,0.514018691588785,0.49955791335101685,1.0289471507733023,0.0878594249201278,0.06177461624859603,0.047223812249570694,0.0036208732694355816,6.800000000000011,0.21212121212121213,0.40606060606060607,0.38181818181818183,0.39657992187036584,0.19548872180451127,0.29411764705882354,0.1303501945525292,0.030912659470068694,1.0849349039057656,1.077863577863578,0.9879253567508233
VGK,VGK,2021-2022,82,4152.433333333333,59.92149181604361,44.79301293217631,32.93008918465478,2.7238486670466315,0.53,0.54,0.04545695683626718,0.060809677419354835,0.08271610355419043,0.05451612903225807,0.20161290322580644,0.7438709677419355,0.07328707718993929,0.2704,0.2710320901994796,0.5495538943814806,0.7475283337352303,0.2524716662647697,0.26483870967741935,2.5864352628579224,9.103096176539056,8.886355791383366,1.024390243902439,0.20430167597765364,0.19399501352713386,-0.15894294911417403,3.352251290408034,0.4878048780487805,22.858885954420302,0.5064562410329986,2.6442326988994407,0.5243553008595988,0.5244547073225017,0.9998104574875296,0.08029837648091268,0.059032258064516126,0.04412828550759585,-0.0024177270732777534,-5.509999999999991,0.2185792349726776,0.3989071038251366,0.3825136612021858,0.34678461624910695,0.1340782122905028,0.23668639053254437,0.1168,0.030355594102341718,0.857449088960343,0.9615384615384616,1.061410159211524
EDM,EDM,2021-2022,82,4058.483333333333,58.36663121280938,43.37580951833403,31.947895149665925,2.7259937004381767,0.52,0.52,0.04670466058763931,0.06284594410361281,0.0853262378528459,0.05828220858895705,0.20518064076346285,0.7365371506475801,0.07913003239241093,0.2840531561461794,0.27857473391948173,0.5473657548125633,0.743161094224924,0.256838905775076,0.2634628493524199,2.2767125650386637,7.835439347210986,11.147021259994496,0.7029177718832891,0.21214285714285716,0.17717880579207118,-0.29567695649852777,3.6220427171069653,0.5211034482758621,25.369082867573685,0.5377405032067094,2.6758764563116766,0.5112994350282486,0.5148114024066784,0.9931781476439492,0.08375751966682092,0.06169052488070893,0.04584599797365755,-0.0015687181860249838,-3.3899999999999864,0.2596685082872928,0.43646408839779005,0.30386740331491713,0.47308313039764444,0.2077922077922078,0.27485380116959063,0.13122923588039867,0.025451180009254976,1.012058570198105,1.075122482308111,0.8529776674937964
FLA,FLA,2021-2022,82,3999.2833333333333,64.54156369682902,48.39867142863096,36.57655329913276,3.304342027946674,0.56,0.56,0.05119711761971176,0.06827340359578425,0.09034044298605415,0.05796652200867948,0.23899566026038438,0.7030378177309361,0.08245149911816578,0.24254215304798962,0.33994708994708994,0.5667131566713157,0.7498837749883775,0.2501162250116225,0.24426534407935524,3.1655671641169043,9.676733748129873,12.017153073258958,0.8052434456928839,0.22407582938388626,0.21466515323496027,0.04500806394479011,4.290768762736658,0.4729800629590766,28.35508028521777,0.5258215962441315,3.270585979988081,0.575197889182058,0.5596493456994028,1.0277826528381337,0.08941755537325677,0.0675759454432734,0.050674105067410505,-9.228876127973795e-4,-2.25,0.21100917431192662,0.41743119266055045,0.37155963302752293,0.555099455319078,0.17535545023696683,0.24598930481283424,0.11802853437094682,0.03571428571428571,0.852325365944043,0.961030731861865,1.131442938957955
OTT,OTT,2021-2022,82,4020.45,53.05376263851061,39.89105697123456,28.63858523299631,2.4637540573816366,0.48,0.48,0.046438818565400844,0.06176206509539843,0.08602918186555499,0.056490834268612046,0.2031425364758698,0.7403666292555181,0.07630116220313289,0.27808471454880296,0.27438100050530573,0.539803094233474,0.7518987341772152,0.2481012658227848,0.28208005985783763,2.134089467596911,6.491810618214378,9.640711860612619,0.673374613003096,0.18629370629370628,0.16136652734871887,-0.20893183598850876,4.118941909487744,0.4868383809793377,34.19020258926239,0.5491671144545943,2.193784277879342,0.45652173913043476,0.4710262774972182,0.9692065197639231,0.07660239708181345,0.05499438832772166,0.04135021097046414,-0.0094267847837415375,-18.090000000000003,0.21768707482993196,0.4421768707482993,0.3401360544217687,0.26862664627093985,0.1258741258741259,0.2119205298013245,0.11970534069981584,0.025265285497726123,0.806654902949332,0.9839539812291855,0.8423180592991913
VAN,VAN,2021-2022,82,4079.35,55.14113768124824,41.08007403140206,29.945947271011313,2.361993945113805,0.5,0.5,0.04283542277940784,0.05749731471535983,0.07887524557956778,0.04547081990691013,0.17937701396348013,0.7751521661296097,0.058660508083140876,0.25349301397205587,0.23140877598152426,0.5430781541744465,0.7449986663110163,0.25500133368898376,0.27103472968134623,2.1768173851226296,6.648117959969112,7.530611494478287,0.8828125,0.21047297297297296,0.19397222741142037,0.308872737078211,3.603515265912462,0.5204711160964667,26.298307328373394,0.5628898128898129,2.309191415299006,0.5233333333333333,0.4914465832236742,1.0648834506092117,0.07711198428290766,0.056211958467597564,0.041877834089090425,-0.0017632612966601152,-3.5900000000000034,0.18471337579617833,0.34394904458598724,0.4713375796178344,0.35299741380366967,0.16216216216216217,0.2283464566929134,0.10778443113772455,0.03418013856812933,0.8066759388038942,0.9043711271143862,1.1396888957338671
STL,STL,2021-2022,82,4050.35,49.52164627748219,38.20410581801573,28.279037614033353,2.4557877714271608,0.47,0.47,0.049590188453484896,0.06428072896471501,0.08684127815610267,0.045754168282279954,0.22140364482357502,0.732842186894145,0.06243386243386243,0.20665499124343256,0.3021164021164021,0.5710439724798085,0.7714627580017948,0.22853724199820522,0.25979061651803026,2.029454244694903,7.910427493920279,8.280765859740516,0.9552772808586762,0.20175182481751824,0.16672698757389312,0.2962706926561902,3.3478588270149494,0.49207721117833475,23.153554631081263,0.5688622754491018,2.962706926561902,0.5390835579514824,0.47494628276751183,1.1350411141450412,0.10476689366160294,0.07754943776657619,0.05982650314089141,0.017925615505500272,34.22,0.165,0.425,0.41,0.45921957361709487,0.22627737226277372,0.2796610169491525,0.14886164623467601,0.04338624338624339,1.0251630941286114,1.219162363740677,1.2836568566061364
PHI,PHI,2021-2022,82,4028.5333333333333,52.15794002780168,39.24505196266632,29.430065532534588,2.466555239293043,0.47,0.47,0.047290119931467735,0.06285009487666035,0.08381072874493928,0.06072106261859583,0.20151802656546489,0.7377609108159393,0.0823045267489712,0.3013182674199623,0.27314814814814814,0.5642490005711023,0.7524271844660194,0.24757281553398058,0.2500948766603416,2.5021513205798636,5.9128218706559865,8.251141854769312,0.7166064981949458,0.20208333333333334,0.20499969808586438,-0.014893757860594426,3.9170583173363336,0.5196894065446478,25.915138677434303,0.5912653975363942,2.3681074998345135,0.45689655172413796,0.464531149196376,0.9835649396484054,0.08046558704453441,0.0603415559772296,0.045402627070245574,-0.003345141700404869,-6.610000000000014,0.2578616352201258,0.3584905660377358,0.3836477987421384,0.4617064936784272,0.18452380952380953,0.25625,0.10734463276836158,0.03137860082304527,0.9330905780609923,0.8631132646880677,1.096333572969087
DET,DET,2021-2022,82,4096.633333333333,48.75710949641576,36.76189391288782,27.930251670070547,2.3716547734318425,0.46,0.46,0.048642234905376995,0.06451394422310758,0.08491347666491872,0.06374501992031872,0.199601593625498,0.7366533864541832,0.08653326122228232,0.3193612774451098,0.2709572742022715,0.5728446981075398,0.7539801742264944,0.24601982577350556,0.24023904382470118,2.2408644496700543,5.492314827622682,7.747825450166396,0.7088846880907372,0.23470588235294115,0.22176248996479958,0.16110790161026534,3.7201279099097633,0.5005694760820045,21.66168968014386,0.5604584527220631,2.3287414869120173,0.43922651933701656,0.4622741157326786,0.9501430090691257,0.08337703198741479,0.06334661354581674,0.04776209071793331,-0.0015364446775039259,-2.930000000000007,0.24528301886792453,0.3710691823899371,0.3836477987421384,0.3954466675888331,0.17647058823529413,0.24375,0.11776447105788423,0.03299080584099513,0.8599779492833517,0.94748675124458,1.1227682679919013
BUF,BUF,2021-2022,82,4121.883333333333,49.841294230388215,38.18157557427228,28.51609094548204,2.1534816204566685,0.48,0.47,0.04320677570093458,0.05640106747998475,0.07551812149055641,0.036980556614563474,0.1890964544414792,0.7739229889439573,0.047783251231527095,0.19556451612903225,0.24433497536945814,0.5721378504672897,0.7660630841121495,0.23393691588785046,0.25314525352649636,1.7176614249958555,6.4048392118489526,7.8750409400233705,0.8133086876155268,0.18177966101694915,0.14499121265377857,0.2765726023298411,3.173306700416072,0.4609600925390399,16.696251309069883,0.5962596259625963,2.299919535163942,0.4401114206128134,0.456520397457261,0.9640564212774659,0.08065339458907606,0.060236370568051846,0.04614485981308411,0.0051352730985196465,10.060000000000002,0.16455696202531644,0.4430379746835443,0.3924050632911392,0.3056855078382455,0.17796610169491525,0.26804123711340205,0.14112903225806453,0.030541871921182268,0.9908536585365855,1.1549249298795579,1.0148960550008184
SJS,SJS,2021-2022,82,4100.15,50.47132421984561,38.149823786934626,27.394119727327052,2.3397680572661974,0.46,0.47,0.04635836474340388,0.061331031837360946,0.08541132478632478,0.05063291139240506,0.19677790563866512,0.7525891829689298,0.0672782874617737,0.2573099415204678,0.26146788990825687,0.5427660191359814,0.7558712670339228,0.24412873296607712,0.2819332566168009,1.9023694255088228,8.970403521822373,8.750899357340584,1.0250836120401339,0.219,0.17805991619238226,-0.21950416448178725,3.8632732948794555,0.49225570261898055,27.54045583698157,0.5750677506775068,2.0779727570942526,0.4423676012461059,0.47202786880406217,0.9371641601732033,0.07585470085470085,0.05446873801304181,0.04117135401565671,-0.009556623931623931,-17.889999999999986,0.19014084507042253,0.3732394366197183,0.43661971830985913,0.30730583027450215,0.16153846153846155,0.20454545454545456,0.10331384015594541,0.03160040774719674,0.7139079851930196,0.8380771663504111,1.053704962610469
COL,COL,2021-2022,82,3961.05,60.69602756844776,44.30643390010224,33.55170977392358,2.6324838111106903,0.53,0.52,0.04337159970052408,0.05941538461538461,0.07846049661399548,0.05299145299145299,0.1747008547008547,0.7723076923076924,0.06861443116423196,0.30332681017612523,0.22620628596724215,0.5527826303968056,0.7299725480409284,0.27002745195907163,0.24273504273504273,2.4387473018517816,7.316241905555344,6.892111940015905,1.0615384615384615,0.2183229813664596,0.2022555958340526,0.48471996061650324,3.908054682470557,0.4724175229853975,24.432915514825616,0.5811359026369168,2.9992047563146134,0.5641025641025641,0.5252674847367466,1.073933910805998,0.08939051918735892,0.06769230769230769,0.04941352632892438,0.010930022573363438,24.210000000000008,0.1919191919191919,0.35858585858585856,0.4494949494949495,0.4695724618472375,0.19254658385093168,0.24516129032258063,0.13894324853228962,0.03939796370075255,0.8529741863075196,1.1507293354943273,1.317737636955878
BOS,BOS,2021-2022,82,3966.95,58.458009301856585,46.60003277076847,35.86130402450245,2.6993534075297143,0.55,0.56,0.046175937904269083,0.05792599805258033,0.07527203711514129,0.05030834144758196,0.18078545926647194,0.7689061992859462,0.06542845082313212,0.27827648114901254,0.23512030392570704,0.6134540750323415,0.7971539456662354,0.20284605433376454,0.23044466082440765,2.4351201804913094,6.6096119184764115,8.42460832629602,0.7845601436265709,0.21962732919254657,0.1981285370090211,-0.3327493414335951,4.3257414386367365,0.5454545454545454,30.62806438195591,0.5520987654320988,2.6317447913384338,0.5471698113207547,0.568683682248351,0.9621690025594916,0.07338675664276677,0.05647517039922103,0.04501940491591203,-0.0018852804723745176,-4.469999999999999,0.27011494252873564,0.3620689655172414,0.367816091954023,0.6049988026065365,0.2484472049689441,0.3032258064516129,0.11310592459605028,0.027015618404390037,1.0797151389846082,0.9308510638297871,0.951531370799881
NYR,NYR,2021-2022,82,4097.316666666667,48.64647187793637,36.81433783899219,26.959107383287435,2.1561428414531463,0.47,0.47,0.044322697170379295,0.058568019093078766,0.07997827267789245,0.04813046937151949,0.19331742243436753,0.758552108194113,0.06345044572627163,0.24897119341563786,0.2548505506030414,0.5541842263696568,0.7567730282962071,0.2432269717037929,0.2677008750994431,1.9769035832394375,7.585452267540952,8.844813068715704,0.8576158940397351,0.23007407407407407,0.21094811192610702,-0.263587144431925,3.719507482539386,0.4824242424242424,28.56991771037142,0.5782634376845835,2.3137093789024523,0.5163398692810458,0.4712132364707012,1.0957669040630833,0.08582292232482347,0.06284805091487669,0.047561709813365445,0.005844649646931016,10.759999999999991,0.17088607594936708,0.4050632911392405,0.4240506329113924,0.4246681771403235,0.21481481481481482,0.2231404958677686,0.13168724279835392,0.03513371788148925,0.7727532913566114,1.0867719476991,1.2542119056533134
MTL,MTL,2021-2022,82,4006.9,51.30150490404053,37.974493997853706,28.540767176620328,2.323242406848187,0.47,0.46,0.04528604786923526,0.06117902208201893,0.08140083945435467,0.05796529968454259,0.18690851735015773,0.7551261829652997,0.07676240208877284,0.310126582278481,0.2475195822454308,0.5563339171044951,0.7402218330414477,0.25977816695855227,0.24842271293375395,2.2161770945119668,6.1394095185804485,13.371933414859367,0.45912653975363943,0.19972972972972972,0.19052529809861424,-0.23958671292021264,4.0729741196436144,0.4936779994380444,27.762110359629638,0.5727119595732735,2.335970450972073,0.4431818181818182,0.4549586534514105,0.9741144933055986,0.08184679958027283,0.061514195583596214,0.04553415061295972,4.4596012591816003e-4,0.8499999999999943,0.20512820512820512,0.36538461538461536,0.42948717948717946,0.38932840849534556,0.17567567567567569,0.21768707482993196,0.12025316455696203,0.03498694516971279,0.7922753156721961,0.9657743137919349,1.2020093290276281
TBL,TBL,2021-2022,82,3993.0833333333335,53.37228958407246,41.14113988772252,29.00014608594027,2.6728217542834485,0.51,0.51,0.05007882882882883,0.06496712929145361,0.09216580310880829,0.04967129291453616,0.2322863403944485,0.7180423666910153,0.06917599186164802,0.2138364779874214,0.323499491353001,0.5433558558558559,0.7708333333333334,0.22916666666666666,0.29510591672753833,1.8331698562096959,6.671536198009058,5.920237076611641,1.1269035532994924,0.23139344262295083,0.15870249606476278,0.04507794728384498,4.462716781100654,0.4970178926441352,29.60118538305821,0.5273019271948608,2.749754784314544,0.5512048192771084,0.5207564845716962,1.0584694297766737,0.09481865284974093,0.06683710737764792,0.05152027027027027,0.0026528497409326474,5.1200000000000045,0.16939890710382513,0.4426229508196721,0.3879781420765027,0.3005196485589665,0.16393442622950818,0.22794117647058823,0.12735849056603774,0.03611393692777213,0.8089770354906054,1.0477299185098952,1.140562248995984
LAK,LAK,2021-2022,82,4069.6,59.195006880283074,45.46884214664832,32.80420680165127,2.766168665225084,0.54,0.55,0.04672976338729763,0.06083657587548638,0.08432359550561798,0.05674448767833982,0.1883916990920882,0.754863813229572,0.07517182130584192,0.30120481927710846,0.2495704467353952,0.5541718555417185,0.7681195516811955,0.23188044831880447,0.2785343709468223,2.683310399056418,5.587772754079024,7.224297228228818,0.773469387755102,0.21335164835164835,0.20696087837117577,0.2064084922351091,3.6711224690387256,0.5168276265730173,22.54275604482013,0.5462224307836696,2.2852368783172796,0.504885993485342,0.5302996042962126,0.9520768814364886,0.0696629213483146,0.05025940337224384,0.038605230386052306,-0.014660674157303377,-32.620000000000005,0.2967741935483871,0.3419354838709677,0.36129032258064514,0.4128169844702182,0.15384615384615385,0.26285714285714284,0.09122203098106713,0.024054982817869417,0.9287300625883302,0.7618226246945523,0.817398919865713
ANA,ANA,2021-2022,82,4130.4,51.5979081929111,39.22138291690877,28.152237071470076,2.24883788495061,0.48,0.48,0.0435838963963964,0.05733703703703704,0.0798813209494324,0.048518518518518516,0.18222222222222223,0.7692592592592593,0.06307173808377467,0.266260162601626,0.2368801155512759,0.5456081081081081,0.7601351351351351,0.23986486486486486,0.2822222222222222,2.1644392794886693,6.246368390470657,9.543869843114468,0.654490106544901,0.20395973154362418,0.19630514824623732,-0.058105752469494475,3.8640325392213826,0.4745131729667812,23.126089482858802,0.5813221406086044,2.251597908192911,0.45321637426900585,0.48195884312443565,0.940363229629529,0.07997936016511868,0.05740740740740741,0.043637387387387386,9.803921568628249e-5,0.18999999999999773,0.22580645161290322,0.3870967741935484,0.3870967741935484,0.4648460197559558,0.21476510067114093,0.26717557251908397,0.12195121951219512,0.02888781896966779,0.992063492063492,1.0013351134846462,1.0063737001006374
CAR,CAR,2021-2022,82,3947.0666666666666,62.5831841367429,48.18768368070804,33.594568118096134,3.025487281694423,0.56,0.56,0.04834345397133835,0.06278548895899054,0.09005882352941176,0.05867507886435331,0.19873817034700317,0.7425867507886436,0.0790144435004248,0.29523809523809524,0.2676295666949873,0.5367986397862521,0.7699781394219092,0.23002186057809085,0.3028391167192429,3.3746579738540015,7.950207749214607,10.215180893828329,0.7782738095238095,0.21063063063063062,0.2349394563633623,-0.7752592642637571,4.210721886295308,0.5390728476821192,25.674762692970308,0.5018779342723004,2.9338242745667666,0.5778443113772455,0.5567739950205611,1.0378435712607343,0.08733031674208144,0.06088328075709779,0.04687879523925188,-0.0027285067873303176,-6.030000000000001,0.19170984455958548,0.43523316062176165,0.37305699481865284,0.5168395095091713,0.15315315315315314,0.1989247311827957,0.13333333333333333,0.03058623619371283,0.7040913415794482,1.0812202342643842,1.0466637592673353
DAL,DAL,2021-2022,82,4082.0333333333333,53.2675709001233,39.81839116126767,28.456406529425692,2.5216844546427026,0.49,0.49,0.04733995584988963,0.0633296419342931,0.08861570247933885,0.059800664451827246,0.21188630490956073,0.7283130306386121,0.08210846426761277,0.28222996515679444,0.2909275215408008,0.5342163355408388,0.7475165562913907,0.25248344370860926,0.2853451458102621,2.4105633630298624,5.6736430373751645,10.009717379410588,0.566813509544787,0.22304878048780485,0.21321986477034272,0.11758845673316402,3.1748883317954286,0.5531743905705867,25.413805211455074,0.5609232420826624,2.160687892471889,0.4788273615635179,0.5158613224283609,0.9282094639495171,0.0759297520661157,0.05426356589147287,0.04056291390728477,-0.012685950413223152,-24.560000000000002,0.272108843537415,0.4217687074829932,0.30612244897959184,0.3674639272911376,0.1524390243902439,0.24691358024691357,0.10801393728222997,0.02280790674100355,0.8676789587852495,0.9036583588398193,0.7915567282321899
NYI,NYI,2021-2022,82,4104.383333333333,49.68834132614319,37.101797671595,27.33662791405936,2.2065190467102243,0.46,0.46,0.044407178581935866,0.05947202521670607,0.08071657754010696,0.05476753349093775,0.17888100866824272,0.7663514578408196,0.07146529562982006,0.30616740088105726,0.2334190231362468,0.5501618122977346,0.7466902030008826,0.2533097969991174,0.2631993695823483,1.9734998761486704,6.198251462866935,10.525332672792908,0.5888888888888889,0.20155555555555557,0.18027030608188685,0.04385555280330379,3.581536812269809,0.5209370424597365,28.12602786451883,0.560947429231658,2.3243442985751006,0.49843260188087773,0.4710251209237011,1.0581868773865593,0.08502673796791443,0.06264775413711583,0.04677846425419241,0.004310160427807477,8.060000000000002,0.22641509433962265,0.3522012578616352,0.42138364779874216,0.27775183442092394,0.14074074074074075,0.2589928057553957,0.12334801762114538,0.03444730077120823,0.9416688464556632,1.0311176578898913,1.1472602739726028
NJD,NJD,2021-2022,82,4113.1,56.41000705064307,42.814422211956916,30.838054022513433,2.644137025601128,0.51,0.5,0.04687354538401862,0.06175809199318569,0.08574266792809838,0.048040885860306644,0.2160136286201022,0.7359454855195912,0.06527777777777778,0.222397476340694,0.2935185185185185,0.5466770106025343,0.7589862942849754,0.24101370571502456,0.2797274275979557,2.1006053828012936,7.921032797646545,9.992463105686708,0.7927007299270074,0.22166666666666668,0.17610062893081763,0.2771632102307262,3.3259585227687145,0.4592946168125166,21.137341664438015,0.5766716943187531,2.6549318032627456,0.457286432160804,0.5087143217984339,0.8989061494163968,0.08609271523178808,0.06201022146507666,0.04706490819756917,3.500473036896906e-4,0.7400000000000091,0.24725274725274726,0.4230769230769231,0.32967032967032966,0.5543264204614524,0.2638888888888889,0.3191489361702128,0.12145110410094637,0.027777777777777776,1.127254509018036,1.0183838116651236,0.9126863401277762
WSH,WSH,2021-2022,82,4067.766666666667,54.14764858685765,41.4035547761671,29.426466611490333,2.337449706227004,0.51,0.51,0.043168074094252246,0.05645529034556466,0.07943358395989975,0.04310651941574635,0.1841824011400071,0.7727110794442466,0.0557860765329645,0.23404255319148937,0.23835869064084833,0.5434486515935713,0.7646417869790247,0.2353582130209752,0.2892768079800499,2.13876574369228,6.534298099694345,7.802807437332525,0.8374291115311909,0.17751724137931033,0.16242821985233796,0.6637548859734662,3.40727508133046,0.4778906893710519,28.010456188080273,0.5572675911658963,2.6402694353166765,0.5327380952380952,0.5040073786654794,1.0570045554664091,0.08972431077694236,0.06376914855717848,0.048760555706891855,0.010290726817042614,20.53,0.1452513966480447,0.37988826815642457,0.4748603351955307,0.26550195438938645,0.12413793103448276,0.21487603305785125,0.13152804642166344,0.039188566159520516,0.7946210268948656,1.0866091403004154,1.345575431375653
CGY,CGY,2021-2022,82,4027.2833333333333,62.5731986409366,47.83870019905892,34.34076734937116,2.6957129909740645,0.56,0.55,0.04308095238095238,0.056350046714419184,0.07849891540130152,0.0417315478044223,0.1915291186546247,0.766739333540953,0.054427294882209584,0.21788617886178863,0.24979691307879773,0.5488095238095239,0.7645238095238095,0.23547619047619048,0.2821550918716911,2.4433344231222867,7.181019463078917,10.950309762163908,0.6557823129251701,0.18871951219512195,0.17105117718580745,-0.02979676125758886,3.9927660085169077,0.513579576317219,25.55072277838245,0.5861440291704649,2.9200826032437086,0.5833333333333334,0.5497690811861935,1.0610515456320697,0.08503253796095445,0.06104017440049829,0.04666666666666667,0.006533622559652924,15.060000000000002,0.1326530612244898,0.4336734693877551,0.4336734693877551,0.26817085131829976,0.10975609756097561,0.19402985074626866,0.13821138211382114,0.03452477660438668,0.6913055038553576,1.160092807424594,1.2130726416440702
CHI,CHI,2021-2022,82,4088.6833333333334,49.174754709136195,35.77679856188423,26.76656299297655,1.9662564558272633,0.46,0.46,0.039985079080871386,0.054958982772764564,0.07345942982456141,0.04183757178014766,0.16981132075471697,0.7883511074651354,0.053069719042663895,0.2463768115942029,0.2154006243496358,0.5443151298119964,0.7275440167114294,0.27245598328857057,0.25184577522559476,1.4381157748419418,7.322650731082948,9.054259521198755,0.8087520259319287,0.20714285714285716,0.15150384357041569,0.4108902213834119,3.3898443264131486,0.4855159927579964,27.558994134215986,0.5908018867924528,2.0984750592081394,0.42686567164179107,0.467483078640709,0.9131147011416535,0.07839912280701754,0.0586546349466776,0.0426738287078484,0.004939692982456126,9.009999999999991,0.16083916083916083,0.3986013986013986,0.4405594405594406,0.20544511069170596,0.14285714285714285,0.22549019607843138,0.13768115942028986,0.032778355879292405,0.8270406328658756,1.137270550678372,1.1237959329290046
TOR,TOR,2021-2022,82,4086.5833333333335,59.829931279185956,45.08901078733253,32.78533412182141,2.9870919064418113,0.54,0.53,0.049926380368098155,0.0662487788993813,0.09111061352440662,0.05470530771735591,0.23477694562031912,0.7105177466623249,0.076993583868011,0.23300970873786409,0.3304307974335472,0.5479754601226994,0.7536196319018404,0.2463803680981595,0.2728752849234777,2.217010950467995,9.23509859499582,10.762046534390995,0.8581173260572987,0.2237748344370861,0.16608503317768494,0.10277534207467526,3.6118191643385873,0.5598930481283423,23.7998327861498,0.5382449554199906,3.0538958787903505,0.5333333333333333,0.5514745744334816,0.9671041205865486,0.09314823107926556,0.06773038098339303,0.05104294478527607,0.002037617554858942,4.550000000000011,0.21153846153846154,0.3701923076923077,0.4182692307692308,0.3523726013988866,0.15894039735099338,0.2619047619047619,0.10679611650485436,0.03987167736021998,0.9484802759215348,0.8690744920993229,1.2708150744960562
MIN,MIN,2021-2022,82,3941.3166666666666,55.2454974860347,41.83373576512079,31.00994168615395,2.4648108288685253,0.51,0.51,0.04461559658308074,0.05891921397379912,0.07948453608247423,0.04621542940320233,0.19541484716157206,0.7583697234352256,0.0609404990403071,0.23649906890130354,0.2576775431861804,0.5613116561036098,0.7572333976302011,0.24276660236979886,0.2587336244541485,2.2530541824009744,6.104558967181018,7.094076006749014,0.8605150214592274,0.20452702702702702,0.18695571613859552,-0.03044667814055371,4.582225060153333,0.4764044943820225,25.74266636783816,0.521551724137931,3.151231187547309,0.5798319327731093,0.5331247942048074,1.0876101413327977,0.101620029455081,0.07532751091703056,0.05704050702672912,0.02213549337260677,45.09,0.1932367149758454,0.37681159420289856,0.42995169082125606,0.45670017210830555,0.20270270270270271,0.31496062992125984,0.1452513966480447,0.0427063339731286,1.1617775196049958,1.2035179756210461,1.4203638684966486
ARI,ARI,2021-2022,82,4078.266666666667,46.784581685029586,35.20613332461503,24.951776898682446,2.0352764246248407,0.44,0.43,0.04350314465408805,0.057810279983284585,0.0815683962264151,0.046803175929795236,0.18721270371918095,0.7659841203510238,0.06110201854882706,0.25,0.24440807419530824,0.5333333333333333,0.7525157232704403,0.24748427672955975,0.2912661930631007,1.9420015039068887,6.929414457122307,10.195507895511165,0.6796536796536796,0.19704545454545455,0.18801503541997977,-0.7650308954784713,4.134109262104816,0.47432550043516103,25.319580213816327,0.5717689100655152,2.3098048190407687,0.41534391534391535,0.4233170134638923,0.9811651838542109,0.09257075471698113,0.06560802340158796,0.04937106918238994,0.011002358490566036,18.659999999999997,0.19745222929936307,0.4140127388535032,0.3885350318471338,0.26481838689639386,0.13636363636363635,0.2767857142857143,0.14508928571428573,0.033278777959629025,1.0210803689064558,1.1822480902146235,1.150943396226415
SEA,SEA,2021-2022,82,4085.0666666666666,51.97956785690972,38.71662641164567,27.671519028657222,2.1711273581826487,0.51,0.5,0.041768861260243005,0.05607738998482549,0.07846072186836518,0.042109256449165404,0.18512898330804248,0.7727617602427921,0.054491899852724596,0.22745901639344263,0.23956799214531174,0.5323537722520486,0.744843176038429,0.2551568239615711,0.2852807283763278,1.77720477837979,7.431947255042757,8.034140609700371,0.9250457038391224,0.19851239669421486,0.16249492626166961,-0.16156407076179907,3.5397219139630525,0.47747237177670726,23.8233566159671,0.5756256800870512,2.232521705072133,0.44574780058651026,0.4763469966486208,0.9357628025842637,0.08067940552016985,0.057663125948406675,0.042949985871715175,0.002218683651804665,4.180000000000007,0.1513157894736842,0.3881578947368421,0.4605263157894737,0.2643775703374894,0.1487603305785124,0.2072072072072072,0.12090163934426229,0.03436426116838488,0.7823129251700681,0.9879437374413932,1.192504258943782
CGY,CGY,2022-2023,82,3996.25,65.29621520175164,48.255239286831404,34.38223334375978,2.894263371911167,0.57,0.57,0.04432513221430214,0.05997822028624767,0.08417903930131004,0.05942750466708152,0.18139390168014935,0.7591785936527692,0.07827868852459016,0.3276157804459691,0.2389344262295082,0.5265578293860658,0.7390204644745919,0.26097953552540815,0.2874922215308027,3.3931811072880826,7.477009696590553,8.918360963403192,0.8383838383838383,0.1904424778761062,0.22327125590081442,-0.015014075695964968,4.068814513606506,0.5062532569046378,27.20550516108852,0.5752416014726185,2.732561776665624,0.5185185185185185,0.5468031996369206,0.9482726488484646,0.0794759825327511,0.0566272557560672,0.04184870085077029,-0.00470305676855895,-10.77000000000001,0.2032967032967033,0.4065934065934066,0.3901098901098901,0.49546449796684394,0.14601769911504425,0.193717277486911,0.1269296740994854,0.029098360655737704,0.7019540884082717,1.0390339792193204,1.0313771063335269
EDM,EDM,2022-2023,82,3989.366666666667,57.24216876530109,42.78874675178182,31.463640845246946,2.8992571920354946,0.52,0.52,0.050648975302154495,0.06775746924428823,0.09214627151051626,0.06080843585237258,0.23690685413005272,0.7022847100175746,0.08658658658658659,0.25667655786350146,0.33733733733733734,0.5496584340514976,0.7475039411455596,0.2524960588544404,0.2646748681898067,2.466556930506931,9.008948788863728,10.873906468027506,0.8284923928077456,0.20158536585365855,0.17149971468589512,-0.07519990641789423,4.181114796834919,0.5016163793103449,26.47036705909877,0.5111223458038423,2.902716387730717,0.5331491712707183,0.5403655323204575,0.9866454083058361,0.09225621414913958,0.06783831282952549,0.050709406200735684,1.0994263862332265e-4,0.22999999999998977,0.13989637305699482,0.43005181347150256,0.43005181347150256,0.24063970053726158,0.0975609756097561,0.15606936416184972,0.12314540059347182,0.04154154154154154,0.582901554404145,0.9940119760479041,1.3187162376866859
CHI,CHI,2022-2023,82,4096.733333333334,47.21810873704252,35.325706660591365,25.16151079722055,2.1650908854209048,0.44,0.44,0.0458529776674938,0.0612893864013267,0.0860477299185099,0.06467661691542288,0.1828358208955224,0.7524875621890548,0.0859504132231405,0.35374149659863946,0.24297520661157024,0.53287841191067,0.7481389578163772,0.2518610421836228,0.2877280265339967,2.211518120128232,8.494572911750826,9.812696294608712,0.8656716417910447,0.21006622516556292,0.2145707907731854,0,3.500349872255944,0.5224137931034483,27.02152934858668,0.5563953488372093,1.991830889651918,0.3953488372093023,0.42576538694162036,0.9285603041834665,0.07916181606519208,0.05638474295190713,0.04218362282878412,-0.006885913853317813,-11.830000000000013,0.2647058823529412,0.34558823529411764,0.3897058823529412,0.3222079380319279,0.1456953642384106,0.23076923076923078,0.10657596371882086,0.029201101928374655,0.8289201013124569,0.8489884393063584,1.0805300713557595
ANA,ANA,2022-2023,82,4059.4166666666665,48.79026132654527,36.43380617083735,26.634368649025927,2.176568883049699,0.43,0.42,0.044610724023023324,0.05974036511156186,0.08172031076581575,0.05070993914807302,0.19797160243407708,0.7513184584178499,0.06749460043196544,0.25614754098360654,0.2634989200863931,0.5458951832777946,0.7467434110875493,0.2532565889124508,0.2689655172413793,2.601358980149036,5.601790076570936,8.203149056719973,0.6828828828828829,0.18732954545454544,0.22388971886459325,-0.6059983987847187,4.404573727752346,0.46061597165440177,17.94346478352801,0.5493612078977933,2.1283846201219387,0.391304347826087,0.3997502578858787,0.9788720334929643,0.07991120976692564,0.05841784989858012,0.04362314450166616,-0.0018091009988901036,-3.259999999999991,0.1875,0.3819444444444444,0.4305555555555556,0.3547307700203231,0.13636363636363635,0.216,0.11270491803278689,0.03347732181425486,0.7754164273406089,0.9125601460096233,1.1881947106170947
PIT,PIT,2022-2023,82,3961.1666666666665,62.34526864980856,46.39542222409223,33.44469222030547,3.091059031430134,0.52,0.52,0.049579689018464525,0.06662422461638916,0.09242300724637681,0.06953966699314397,0.21710741103493308,0.7133529219719229,0.09748283752860412,0.32030075187969925,0.30434782608695654,0.5364431486880467,0.7441690962099126,0.25583090379008744,0.2791380999020568,3.6504396852779064,8.467202423528422,10.07279000294526,0.8406015037593985,0.20248962655601657,0.23913363061694515,0.16661757899608703,3.862498422182017,0.522852422907489,31.884545798796648,0.5258741258741259,2.544704842849329,0.49266862170087977,0.5331260776425101,0.9241127800003075,0.07608695652173914,0.05484818805093046,0.04081632653061224,-0.016336050724637674,-36.06999999999999,0.20833333333333334,0.4107142857142857,0.38095238095238093,0.3483822106281819,0.0954356846473029,0.1643192488262911,0.1037593984962406,0.029290617848970253,0.603448275862069,0.8331320936971747,1.0116977552956055
WSH,WSH,2022-2023,82,4047.133333333333,56.94400975175845,41.659116741067756,29.798869982044906,2.646021051937997,0.5,0.5,0.04646706586826347,0.06351601423487545,0.08879601990049751,0.061565836298932385,0.2110320284697509,0.7274021352313167,0.08463796477495107,0.2917369308600337,0.2901174168297456,0.5233012236396771,0.7315803176256184,0.2684196823743817,0.2846975088967972,3.0391882319996046,7.560907308877065,9.829179501540185,0.7692307692307693,0.20087804878048782,0.2307261317794711,0.08895185069267136,3.8545801966824254,0.5042617541930162,27.97535704284514,0.5406946604458268,2.5796036700874696,0.4887640449438202,0.4976578184251617,0.982128737554077,0.08656716417910448,0.06192170818505338,0.0453007029419422,-0.0022288557213930305,-4.47999999999999,0.21839080459770116,0.40804597701149425,0.3735632183908046,0.4002833281170211,0.13170731707317074,0.21965317919075145,0.11973018549747048,0.031800391389432484,0.8131821099935802,0.9836519811582155,1.0911532650663085
BOS,BOS,2022-2023,82,3910.5,56.66283084004603,42.838511699271194,31.576524741081702,2.893747602608362,0.51,0.52,0.05106959111833198,0.06755014326647564,0.09164237123420797,0.05981375358166189,0.22994269340974213,0.710243553008596,0.08421583459404942,0.2601246105919003,0.3237518910741301,0.5572705117790414,0.7560249119956675,0.2439750880043325,0.2628939828080229,2.70042194092827,6.935174530111239,9.497506712696586,0.7302100161550888,0.2084659090909091,0.19453870625662778,0.10740314537782893,4.4495588799386265,0.5396182764603817,26.820099731492135,0.5652642934196332,3.068661296509398,0.6369426751592356,0.5377202486172094,1.1845242517781034,0.09718172983479106,0.07163323782234957,0.05415651232060655,0.005539358600583091,11.400000000000006,0.165,0.38,0.455,0.47564250095895666,0.17613636363636365,0.19760479041916168,0.11838006230529595,0.04589006555723651,0.7161458333333334,0.9375771033802122,1.4806378132118452
FLA,FLA,2022-2023,82,3857.0666666666666,64.54127488938053,48.129839601769916,35.12513827433628,3.116306001106195,0.54,0.53,0.04828392383706918,0.06474789915966386,0.08872010628875111,0.0643180349062702,0.20135746606334842,0.7343244990303813,0.08758802816901408,0.31942215088282505,0.27420774647887325,0.5442275247047481,0.7457218606893228,0.2542781393106773,0.27020038784744665,3.3289546460176993,7.23347621681416,9.022400442477876,0.8017241379310345,0.21757009345794392,0.23241651275395597,-0.04666758849557522,4.946764380530973,0.485054347826087,24.827157079646017,0.5235211923614346,2.971169800884956,0.5441595441595442,0.5363731291333101,1.014516788040474,0.0845881310894597,0.06173238526179703,0.0460351892022174,-0.004131975199291413,-9.330000000000013,0.19895287958115182,0.3769633507853403,0.42408376963350786,0.497787610619469,0.14953271028037382,0.19095477386934673,0.11556982343499198,0.035651408450704226,0.6792992491955667,0.9196576829735598,1.2256014525646846
NSH,NSH,2022-2023,82,3964.85,54.38793396975926,39.557612520019674,27.844685170939634,2.7479980327124607,0.47,0.47,0.05052587646076795,0.06946824789594491,0.09869021739130435,0.0703902065799541,0.21537872991583779,0.7142310635042081,0.09855382967327263,0.3268206039076377,0.3015532940546331,0.5119643850862549,0.7273233166388425,0.27267668336115747,0.29609793420045905,2.966064289947917,7.1276340845177,8.56526728627817,0.8321554770318021,0.22714285714285715,0.2451676854452338,-0.22699471606744268,4.343165567423736,0.5307874481941978,31.779260249441972,0.5266106442577031,2.209415236389775,0.4882943143812709,0.47711508145034154,1.0234308940663677,0.07934782608695652,0.0558530986993114,0.04062326099053979,-0.019342391304347825,-35.59,0.3013698630136986,0.3150684931506849,0.3835616438356164,0.5447873185618624,0.1836734693877551,0.2391304347826087,0.08170515097690942,0.029994643813604713,0.8376166000380735,0.6598766317601492,0.9435551811288964
NJD,NJD,2022-2023,82,4113.683333333333,62.673759526134326,45.97339772547716,33.094428756062086,3.050988368088615,0.54,0.54,0.04868047474982546,0.06636421319796955,0.09219039224327898,0.06281725888324872,0.2109771573604061,0.7262055837563451,0.08650065530799476,0.29774436090225564,0.290519877675841,0.5280428205724924,0.7335350244356528,0.26646497556434723,0.2801395939086294,3.39841423541757,7.336490817231921,9.509725671640581,0.7714723926380368,0.20360515021459227,0.22679032412276506,-0.23336750114455415,3.442170641882174,0.5028112449799197,18.59647274745666,0.49665924276169265,2.8733373578423227,0.5596590909090909,0.5602035350830209,0.9990281314917991,0.0868223887174967,0.0625,0.0458459390272283,-0.005368003525782275,-12.180000000000007,0.16751269035532995,0.4213197969543147,0.41116751269035534,0.3792221893599005,0.11158798283261803,0.16666666666666666,0.12481203007518797,0.035386631716906945,0.6007646095030038,0.9913999044433827,1.1484474691620588
BUF,BUF,2022-2023,82,4066.7,56.109376152654484,42.43243907836821,30.86532077605921,2.7097154941352937,0.51,0.5,0.048293452537470416,0.06385952712100139,0.08779158699808795,0.05285118219749652,0.2086230876216968,0.7385257301808067,0.07156308851224105,0.25333333333333335,0.2824858757062147,0.5500920326058375,0.7562450696818301,0.24375493031816986,0.2726008344923505,2.7589937787395185,7.155679051811051,7.0819091646789785,1.0104166666666667,0.19085561497326203,0.19432647283022977,0.7819608035999704,3.260629011237613,0.45422818791946307,15.74249391398431,0.5369989722507709,2.906533553003664,0.4912718204488778,0.4845910290237467,1.0137864529572291,0.09416826003824091,0.06849791376912379,0.051801209571391005,0.006376673040152964,13.340000000000003,0.18781725888324874,0.4010152284263959,0.41116751269035534,0.2655715936754617,0.0962566844919786,0.24342105263157895,0.13166666666666665,0.038135593220338986,0.8993680116674769,1.0773216964407473,1.1708586296617518
MTL,MTL,2022-2023,82,3996.133333333333,50.463781655600414,36.54532714957793,26.59070434753595,2.367038136865637,0.46,0.46,0.04690568283249033,0.06476992604765817,0.08901750423489554,0.06491372226787182,0.2029580936729663,0.7321281840591619,0.08866442199775533,0.31983805668016196,0.2772166105499439,0.5269265099672716,0.724189229396013,0.2758107706039869,0.2723911257189811,2.3422641887157587,6.471255547028794,13.167728804511027,0.49144811858608894,0.225,0.2226450999048525,-0.42040639284641823,4.354209068766474,0.4851657940663176,22.1464081945881,0.541267942583732,2.4473657869273633,0.4490358126721763,0.43609958506224067,1.029663471493763,0.09203839638622248,0.06696795398520954,0.04849747099077655,0.0030208921513269343,5.349999999999994,0.20245398773006135,0.4233128834355828,0.37423312883435583,0.46544993493710585,0.1987179487179487,0.2088607594936709,0.1396761133603239,0.03423120089786756,0.7445848375451264,1.121404193076548,1.1773788843852537
OTT,OTT,2022-2023,82,3831.6,59.75571562793611,44.519260883181964,31.584716567491384,2.866739743188224,0.52,0.52,0.04797431865828092,0.06439324657052409,0.09076351016360931,0.055575096728807595,0.22476257474498768,0.7196623285262047,0.0772238514173998,0.24726134585289514,0.312316715542522,0.5285639412997903,0.745020964360587,0.254979035639413,0.2905381639113612,2.943939868462261,7.01534606952709,9.771374882555591,0.717948717948718,0.19367021276595742,0.19888567214726607,0.07829627309740056,4.8856874412777955,0.5157894736842106,33.823989978077044,0.5176178660049627,2.380206702160977,0.46060606060606063,0.5121842039000644,0.8992976688830734,0.07535944471988101,0.05346465001758706,0.039832285115303984,-0.015404065443728299,-31.069999999999993,0.21052631578947367,0.4934210526315789,0.29605263157894735,0.21922956467272156,0.07446808510638298,0.20253164556962025,0.11737089201877934,0.021994134897360705,0.7285974499089253,0.945179584120983,0.7523825447249624
NYI,NYI,2022-2023,82,4082.483333333333,57.49441720521415,41.68051308639758,29.62902481741097,2.6893924857827547,0.5,0.49,0.046776584867075664,0.06452397743300424,0.09076884920634921,0.0684062059238364,0.19675599435825106,0.7348377997179125,0.09309021113243762,0.34767025089605735,0.2677543186180422,0.5153374233128835,0.7249488752556237,0.27505112474437626,0.28913963328631875,3.380295490081609,6.687106295596227,9.479524309141903,0.7054263565891473,0.19234782608695652,0.2417618449095579,0.029393873826796597,3.4978709853887953,0.5172811059907834,30.011145177159328,0.5144743524631793,2.586660896758101,0.5482866043613707,0.5016723324925979,1.0929177649426391,0.0873015873015873,0.06205923836389281,0.044989775051124746,-0.0034672619047619174,-6.990000000000009,0.1590909090909091,0.3977272727272727,0.4431818181818182,0.3380295490081609,0.1,0.14432989690721648,0.12544802867383512,0.03742802303262956,0.5258215962441315,1.0011441647597255,1.3039117352056169
TOR,TOR,2022-2023,82,3998.883333333333,56.58079547206929,42.85196283962606,30.80359933814857,2.9703792308686174,0.51,0.52,0.05249801113762927,0.0693172268907563,0.09642961519727228,0.06862745098039216,0.23039215686274508,0.7009803921568627,0.0979020979020979,0.2978723404255319,0.32867132867132864,0.5444179262795015,0.7573587907716786,0.24264120922832141,0.2811624649859944,2.7007539604806343,9.12254671095681,10.457919502527789,0.8723098995695839,0.21255555555555555,0.19326160529373138,0,4.0061183747129405,0.5429917550058893,24.636877795051117,0.5453156822810591,2.7607707151579817,0.5626911314984709,0.5411973756150902,1.0397151886757623,0.08962493911349245,0.06442577030812324,0.04879342349509414,-0.006804676083779826,-13.969999999999999,0.21739130434782608,0.3804347826086957,0.40217391304347827,0.42011728274143195,0.15555555555555556,0.20408163265306123,0.10638297872340426,0.03696303696303696,0.7375991148810622,0.8453085376162299,1.214907240190445
DAL,DAL,2022-2023,82,4042.116666666667,57.68264976683008,41.42878937190498,29.464760624590255,2.5908208158266914,0.52,0.51,0.044915079773546064,0.06253672518810462,0.087929471032745593,0.0587603009673952,0.20315299175922608,0.7380867072733788,0.07961165048543689,0.2892416225749559,0.2752427184466019,0.5108080288214102,0.7182192485846629,0.2817807514153371,0.2887853815836618,2.7757734190420034,7.273416980377443,9.648410280092525,0.7538461538461538,0.19588235294117648,0.20986593331041598,0.26718674621794686,3.5773336576958443,0.5506139154160983,22.56243634729329,0.5377311344327836,2.5976489215633722,0.546875,0.5245064158427742,1.042646921909018,0.08816120906801007,0.0627015406664278,0.04503345342254246,2.31738035264481e-4,0.46000000000000796,0.18857142857142858,0.38285714285714284,0.42857142857142855,0.38593641120370104,0.13903743315508021,0.20121951219512196,0.11816578483245149,0.03640776699029126,0.7356219349086045,0.9736956837668943,1.232134056185313
SEA,SEA,2022-2023,82,4062.366666666667,56.81909560108639,42.714017280567155,29.864364779151725,2.60537781752837,0.53,0.53,0.04585391213932935,0.060995850622406644,0.08724035608308606,0.04944674965421853,0.2033195020746888,0.7472337482710927,0.06617306802406293,0.24319727891156462,0.2720962517353077,0.5256043670392514,0.7517546139849233,0.24824538601507667,0.3008298755186722,2.3779241985377984,9.703703095896481,7.207621173207736,1.346311475409836,0.18801242236024845,0.1715986394557823,-0.044309146556604936,3.8548957504246295,0.457392776523702,24.251872881981768,0.5528255528255528,3.086870543443477,0.5633423180592992,0.5188387893761581,1.0857752534976255,0.10336300692383778,0.07226832641770402,0.05432804782947751,0.01612265084075172,32.599999999999994,0.15311004784688995,0.42105263157894735,0.4258373205741627,0.3840126034905761,0.16149068322981366,0.22377622377622378,0.14965986394557823,0.04118463674224896,0.8150789607743251,1.2002182214948174,1.3945471638984643
NYR,NYR,2022-2023,82,4094.2833333333333,53.76765164436593,39.948383314947264,28.82555758639078,2.394851357787484,0.5,0.5,0.0445407467974925,0.05994864269992663,0.08308083375699034,0.04768892149669846,0.2028613352898019,0.7494497432134997,0.06363191385217817,0.23508137432188064,0.2706803720019579,0.5361133823930226,0.7429817388934314,0.25701826110656856,0.27842993396918564,2.2568052202868225,8.22121901675914,10.94697077632634,0.751004016064257,0.1883766233766234,0.17751805164606538,0.45429195992786686,3.2826257749626513,0.4840394660475914,27.638536658837324,0.49404761904761907,2.6378242834521304,0.5405405405405406,0.4840353059652864,1.116737836845535,0.09150991357397051,0.06603081438004402,0.04905968928863451,0.00842907981698017,16.580000000000013,0.16666666666666666,0.4444444444444444,0.3888888888888889,0.2491278489927012,0.11038961038961038,0.23076923076923078,0.14466546112115733,0.034263338228095935,0.8537279453614115,1.2033694344163657,1.1325028312570782
SJS,SJS,2022-2023,82,4059.85,54.84439080261586,40.00640417749425,28.30153823417121,2.781826914787492,0.49,0.48,0.05072217731069792,0.06953454008127077,0.09829242819843341,0.07536017731806428,0.21130402659770964,0.713335796084226,0.10564474365613671,0.35664335664335667,0.29621957534955984,0.5160334141740771,0.7294529776340609,0.2705470223659391,0.2925748060583672,2.8818798724090793,9.32546768969297,8.719533972930035,1.0694915254237287,0.2098974358974359,0.2174467406895819,-0.33991403623286576,3.694717785139845,0.5131717597471022,26.01081320738451,0.5599352051835853,2.497629222754535,0.43444730077120824,0.4959947299077734,0.8759111227895315,0.08825065274151436,0.06243073513114149,0.04554028563729453,-0.010041775456919047,-19.22999999999999,0.24260355029585798,0.378698224852071,0.378698224852071,0.5320393610601376,0.18461538461538463,0.20098039215686275,0.11188811188811189,0.033143448990160536,0.739404869251578,0.8921103986618345,1.0484927916120577
CAR,CAR,2022-2023,82,4017.1833333333334,66.4794155108679,49.79608432110392,33.516020760815,3.079023030232626,0.6,0.6,0.046315434733767695,0.06183263347330534,0.09186720142602496,0.0638872225554889,0.1838632273545291,0.752249550089982,0.08492822966507177,0.3474714518760196,0.24441786283891548,0.504156369355201,0.7490451583913728,0.2509548416086273,0.32693461307738453,4.391136409839398,9.110861258510315,8.692657790906564,1.0481099656357389,0.18197278911564627,0.25951976715983505,-0.25390924818799243,3.6742161796615376,0.5263294422827497,18.669797660881795,0.465280849181778,2.6137716725234514,0.5573248407643312,0.6013886052685319,0.9267299644220472,0.07798573975044563,0.05248950209958008,0.039317007414064256,-0.013881461675579326,-31.150000000000006,0.2057142857142857,0.34285714285714286,0.4514285714285714,0.5376901726333957,0.12244897959183673,0.16901408450704225,0.09787928221859707,0.03149920255183413,0.6018054162487463,0.8020318139286191,1.104740595720878
MIN,MIN,2022-2023,82,4025.883333333333,54.81529933389359,40.552590942774465,27.899467197675044,2.4233191059519026,0.49,0.5,0.04420880913539967,0.05975744211686879,0.08685897435897436,0.04961411245865491,0.20837927232635062,0.7420066152149944,0.06686478454680535,0.23809523809523808,0.28083209509658247,0.5089722675367048,0.7398042414355628,0.2601957585644372,0.31201764057331866,2.563412584401767,6.67679556867437,6.572470637913833,1.0158730158730158,0.1808720930232558,0.19132841328413283,-0.4023961615049285,4.590296953463629,0.47176949941792784,24.814429959470594,0.545974025974026,2.1461128613596188,0.5070422535211268,0.49626125438730356,1.0217244425965386,0.07692307692307693,0.05292171995589857,0.03915171288743882,-0.009935897435897428,-18.599999999999994,0.1875,0.4652777777777778,0.3472222222222222,0.2980712307443915,0.11627906976744186,0.2,0.11816578483245149,0.024764735017335313,0.748544496811755,0.9662532448803,0.8744316194473593
CBJ,CBJ,2022-2023,82,4086.8166666666666,52.720740266466564,38.494508765991455,27.380724198540836,2.4089164753332875,0.45,0.45,0.04569200779727096,0.06257818459191457,0.08797855227882038,0.053012967200610224,0.2044241037376049,0.7425629290617849,0.07139188495120699,0.2593283582089552,0.2752953261427838,0.519353940406572,0.7301587301587301,0.2698412698412698,0.28871090770404273,2.481148734344987,6.856192064728456,7.032368306220408,0.9749478079331941,0.2004733727810651,0.20648464163822525,-0.11745082766130116,3.4794807694660475,0.4824374667376264,25.883226145859247,0.546505228398459,2.0994335444457586,0.38235294117647056,0.4349255155595611,0.8791228095333695,0.07667560321715818,0.05453852021357742,0.039821776663881925,-0.01130294906166221,-21.080000000000013,0.16083916083916083,0.42657342657342656,0.4125874125874126,0.3229897760685782,0.1301775147928994,0.16546762589928057,0.11380597014925373,0.030303030303030304,0.5819838056680161,0.9373079287031346,0.9919300605245461
PHI,PHI,2022-2023,82,4068.85,53.130491416493605,39.93265910515256,28.696068913820856,2.440493013996584,0.47,0.49,0.04593394393560921,0.061115214180206795,0.08504624871531347,0.061669128508124074,0.19017725258493354,0.7481536189069424,0.0824284304047384,0.32427184466019415,0.2541954590325765,0.540105467665834,0.7515958923119622,0.24840410768803775,0.2813884785819793,2.521597011440579,6.1049190803298226,7.550044852968282,0.80859375,0.19403508771929825,0.2004833836858006,-0.04423854406036103,4.025707509492855,0.46195039458850057,30.893249935485457,0.5718918918918919,2.2414195657249594,0.4662576687116564,0.47556104709634783,0.9804370470594775,0.07810894141829394,0.056129985228951254,0.04218706633361088,-0.006937307297019524,-13.5,0.25,0.32894736842105265,0.42105263157894735,0.3391621711294346,0.13450292397660818,0.2275449101796407,0.0970873786407767,0.0315893385982231,0.8395934600088378,0.7923930269413629,1.1198600174978128
ARI,ARI,2022-2023,82,3943.7166666666667,47.92433533511113,35.72264741804474,25.270578092577644,2.337490438376658,0.45,0.45,0.04877460317460317,0.06543441226575808,0.09249849488260084,0.062180579216354344,0.20996592844974446,0.7278534923339012,0.08543007606787595,0.2961460446247465,0.2884727911059099,0.5273015873015873,0.7453968253968254,0.2546031746031746,0.29258943781942076,2.266897131724304,6.070415809114077,9.980433009470762,0.6082317073170732,0.20704697986577184,0.20079406404582142,-0.8519881837353089,4.914146131187585,0.46345657781599314,29.576161235382866,0.5326934613077384,2.297325281143422,0.45481927710843373,0.4488984982177292,1.0131895716163273,0.09090909090909091,0.06431005110732538,0.04793650793650794,-0.0015894039735099286,-2.6399999999999864,0.23178807947019867,0.37748344370860926,0.39072847682119205,0.3347096436102999,0.1476510067114094,0.23972602739726026,0.11561866125760649,0.03452311293153891,0.8555365436323638,0.946215139442231,1.1238095238095238
LAK,LAK,2022-2023,82,3996.05,57.79206966879794,43.302761476958494,31.185795973523856,2.7071733336669963,0.52,0.54,0.04684333593141076,0.06251733703190014,0.08680789600385172,0.059639389736477116,0.2059639389736477,0.7343966712898752,0.08120868744098206,0.2895622895622896,0.2804532577903683,0.5396206806962848,0.7492855287087555,0.25071447129124447,0.27981969486823854,2.6125799226736404,5.375308116765306,7.567472879468475,0.7103174603174603,0.21505747126436783,0.20754298391569606,0.1051037899926177,4.054003328286683,0.5352442234571512,24.068767908309457,0.5088072471061902,2.5375057869646276,0.5152439024390244,0.531827030853637,0.9688185679693734,0.08136735676456427,0.058599167822468795,0.043907508443751624,-0.005440539239287445,-11.300000000000011,0.20118343195266272,0.4378698224852071,0.3609467455621302,0.4054003328286683,0.15517241379310345,0.19767441860465115,0.12457912457912458,0.028800755429650614,0.7260303224428786,1.0313588850174216,0.9883344134802333
TBL,TBL,2022-2023,82,3975.4,57.41309050661569,42.77305428384565,30.049806308799113,2.864617396991498,0.51,0.51,0.04989484752891693,0.06697247706422019,0.09532898041185335,0.06033874382498236,0.23112208892025407,0.7085391672547636,0.08515936254980079,0.26106870229007634,0.32619521912350596,0.5233964248159831,0.7450052576235542,0.25499474237644587,0.2974594213126323,3.0185641696433065,9.387734567590682,9.885797655581829,0.9496183206106871,0.2028,0.2136986301369863,0.15092820848216532,4.573124717009609,0.5180127832655433,28.057553956834532,0.5057351407716372,2.641243648437893,0.5192878338278932,0.5131810193321616,1.0118999227673673,0.08789552988448016,0.061750176429075515,0.04600420609884332,-0.007433450527373195,-14.800000000000011,0.24571428571428572,0.4342857142857143,0.32,0.4678774462947125,0.155,0.25146198830409355,0.11603053435114503,0.027888446215139442,0.9045014724442575,0.9476309226932668,0.9024979854955681
DET,DET,2022-2023,82,3994.233333333333,48.64012284376643,36.082018242966946,25.942400293756833,2.1682258589466485,0.46,0.47,0.044576899320568256,0.06009159034138218,0.08357845975680371,0.0578684429641965,0.18026644462947544,0.761865112406328,0.07595628415300547,0.3210161662817552,0.2366120218579235,0.5333539221741815,0.7418159357628166,0.25818406423718343,0.2810158201498751,2.4034649953683225,5.693207707778714,7.345589892094436,0.7750511247443763,0.22149999999999997,0.2455313842316752,0.15021656221052015,3.8605656488103683,0.48736247398156407,24.755689452293723,0.5484449760765551,2.1931618082735946,0.44108761329305135,0.46731634668307054,0.943873708728175,0.08453966415749856,0.06078268109908409,0.045089561457689935,9.612044006948456e-4,1.6599999999999966,0.1506849315068493,0.3424657534246575,0.5068493150684932,0.24034649953683226,0.1,0.15827338129496402,0.11547344110854503,0.040437158469945354,0.5558362809499747,0.9437523593808985,1.4296754250386399
COL,COL,2022-2023,82,4025.366666666667,58.757380280057305,42.30173648777337,31.599605833009,2.6342444994658867,0.52,0.51,0.04483257229832572,0.06227272727272727,0.0833632075471698,0.055320648343904155,0.193446088794926,0.7512332628611699,0.07363977485928705,0.2859744990892532,0.2575046904315197,0.5377980720446474,0.7199391171993912,0.2800608828006088,0.25299506694855534,2.1911047440812847,7.929712407151315,6.692558027840113,1.1848552338530067,0.22891156462585033,0.19040344027612743,0.014905474449532548,3.949950729126125,0.4720513506285103,22.089913134207237,0.5518480492813141,2.5935525542186633,0.5454545454545454,0.5238151693885414,1.041311090878227,0.0820754716981132,0.0613107822410148,0.0441400304414003,-0.001287735849056601,-2.7299999999999898,0.1839080459770115,0.3793103448275862,0.4367816091954023,0.31301496344018354,0.14285714285714285,0.20382165605095542,0.12021857923497267,0.03564727954971857,0.7287633796401731,0.9814126394052045,1.1590666463321642
VGK,VGK,2022-2023,82,4203.35,55.156006518610155,40.21078425541533,29.39084301806892,2.6651599319590327,0.48,0.49,0.0483203933747412,0.06627973020944267,0.0906799417192812,0.0653177138800142,0.21299254526091588,0.7216897408590699,0.09050664043285785,0.30666666666666664,0.2951303492375799,0.5328674948240165,0.7290372670807453,0.27096273291925466,0.2690805821796237,2.6692994873136904,8.935729834536739,7.094341418154567,1.2595573440643864,0.21401069518716578,0.2143430989234642,0.2997609049924465,3.011883378733629,0.520268456375839,25.793712158159565,0.5524691358024691,2.6692994873136904,0.5389048991354467,0.52241186345831,1.0315709439826932,0.09082078678970373,0.06638267660631877,0.04839544513457557,1.4084507042252947e-4,0.28999999999999204,0.22994652406417113,0.40641711229946526,0.36363636363636365,0.48532717951158,0.18181818181818182,0.23369565217391305,0.12666666666666668,0.03344810624692573,0.823281638904844,1.0118492877113567,1.145359609230251
STL,STL,2022-2023,82,4101.666666666667,49.106867127184074,37.28728159284844,27.427874847622917,2.279951239333604,0.46,0.46,0.04642835865355973,0.06114554727344057,0.08312533333333334,0.05021577089054531,0.20870929776382896,0.7410749313456257,0.06776071995764955,0.24060150375939848,0.28163049232398096,0.5585344057193923,0.7593089067619899,0.24069109323801013,0.26441741859552764,1.9162941893539212,8.718407151564405,7.8992279561154,1.1037037037037036,0.20748091603053434,0.17438727062748619,0.3510767980495733,3.4083705810646077,0.4803330462245191,25.292157659488012,0.5401217487548423,2.6330759853718,0.4891304347826087,0.44811822546792796,1.0915209580504242,0.096,0.07061592781482935,0.05361930294906166,0.01287466666666666,24.139999999999986,0.17777777777777778,0.38333333333333336,0.4388888888888889,0.2779357984559122,0.1450381679389313,0.25,0.12969924812030076,0.04182106934886183,0.943952802359882,1.0689388071262587,1.3760668873018638
VAN,VAN,2022-2023,82,4056.483333333333,50.0088335956021,37.258873654931,27.334020847285622,2.310967217088694,0.48,0.48,0.04621118012422361,0.06202461294164351,0.08454545454545455,0.05716554188169909,0.1965065502183406,0.7463279078999603,0.07659574468085106,0.2909090909090909,0.2632978723404255,0.546583850931677,0.7450458444247264,0.25495415557527357,0.2663755458515284,2.4997021229389986,6.5524736122010445,6.892669759109903,0.9506437768240343,0.21514792899408283,0.23271889400921658,0.45852524148585183,3.816113300108057,0.48419253773853604,28.16232450932458,0.5547661338069864,2.514493259761123,0.46831955922865015,0.4645161290322581,1.0081879400061218,0.09199134199134198,0.06748709805478365,0.05028098195800059,0.007445887445887436,13.759999999999991,0.21176470588235294,0.4235294117647059,0.36470588235294116,0.4733163783079762,0.1893491124260355,0.25,0.14545454545454545,0.03297872340425532,0.8873551885629776,1.2038120715599399,1.1099176512710347
WPG,WPG,2022-2023,82,3971.15,57.142137667929944,42.546869294788664,29.06966495851328,2.7181043274618184,0.52,0.51,0.04756742464304601,0.06388494318181819,0.0935031185031185,0.06392045454545454,0.20241477272727273,0.7336647727272727,0.08712487899322362,0.3157894736842105,0.2758954501452081,0.508725542041248,0.7445795875198308,0.2554204124801692,0.31676136363636365,2.7196152248089347,7.8113392845901055,8.89918537451368,0.8777589134125636,0.20299999999999999,0.20311284046692607,0.13598076124044672,4.064313863742241,0.5022169671888856,24.86937033353059,0.5138476755687438,2.4174357553857195,0.5194805194805194,0.5173256649892164,1.0041653732593143,0.08316008316008316,0.056818181818181816,0.04230565838180857,-0.010343035343035337,-19.900000000000006,0.1875,0.3375,0.475,0.5137050980194654,0.18888888888888888,0.16666666666666666,0.09473684210526316,0.036786060019361085,0.625130235465722,0.7733066017471001,1.2242268041237114
NYR,NYR,2023-2024,82,4041.133333333333,58.884471352920805,42.537571968259726,29.308609795931837,2.415213553953511,0.5,0.5,0.04101613716591023,0.0567783595113438,0.0824062816616008,0.05340314136125655,0.15986038394415358,0.7867364746945898,0.06787932564330079,0.33406113537117904,0.20319432120674358,0.4977307110438729,0.7223903177004538,0.27760968229954613,0.31099476439790574,2.8209908111585857,6.607057426134582,7.3197287889535945,0.9026369168356998,0.19105263157894736,0.22315116493514478,0.059389280234917595,3.800913935034726,0.5217765042979943,27.74964118976525,0.5103018687110685,2.4646551297490804,0.5015105740181269,0.4927303568183195,1.0178195174669233,0.08409321175278622,0.05794066317626527,0.041855774079677256,0.0016869300911854235,3.3300000000000125,0.1144578313253012,0.3674698795180723,0.5180722891566265,0.3414883613507762,0.12105263157894737,0.12418300653594772,0.1331877729257642,0.038154392191659274,0.4451733833177132,1.1062749365252085,1.3259327782917052
TBL,TBL,2023-2024,82,4036.0333333333333,57.32360981491728,39.855964189261734,26.967071629735468,2.46881013536393,0.51,0.5,0.043067946058091285,0.061943304737038414,0.09154906284454245,0.05930622901902275,0.18724356583364415,0.7534502051473331,0.07871287128712871,0.31673306772908366,0.2485148514851485,0.4704356846473029,0.6952800829875518,0.30471991701244816,0.3233867959716524,2.675894649036595,6.437013239071366,7.641165831137833,0.8424124513618677,0.20016666666666666,0.21695670500391404,0.23785730213658626,4.013841973554893,0.5193977996525767,27.636045291994613,0.5077081192189106,2.556965997968302,0.47513812154696133,0.4974091712343127,0.9552258965549707,0.09481808158765159,0.06415516598284222,0.044605809128630707,0.003269018743109142,5.930000000000007,0.11046511627906977,0.4476744186046512,0.4418604651162791,0.371652034588416,0.1388888888888889,0.11949685534591195,0.15338645418326693,0.03762376237623762,0.43438500228623683,1.2118350645262828,1.2922972283625234
OTT,OTT,2023-2024,82,3977.7833333333333,60.07868704093989,42.83792899730587,29.428450518923853,2.4321083350442247,0.5,0.51,0.040482048707004774,0.05677464788732395,0.08264479753972323,0.0573943661971831,0.1602112676056338,0.78239436619718306,0.07335733573357335,0.35824175824175825,0.20477047704770476,0.4898317850866181,0.7130303791112227,0.2869696208887773,0.31302816901408453,3.227928452613893,7.647475352688056,9.804455580369302,0.78,0.1914485981308411,0.25409327710245594,0.37709444539881926,4.29887667754654,0.49530315969257044,28.161413182383825,0.5036603221083455,2.4586557840003014,0.45786516853932585,0.49172028910371757,0.9311496366641672,0.08354689902614044,0.0573943661971831,0.04092392668842581,9.021014864172144e-4,1.759999999999991,0.11042944785276074,0.44785276073619634,0.44171779141104295,0.28659177850310263,0.08878504672897196,0.11042944785276074,0.16043956043956045,0.032403240324032405,0.3935286401399213,1.271555478139697,1.2394560165260802
CHI,CHI,2023-2024,82,4044.9333333333334,50.24063025348584,35.49625869400402,25.08323169726736,2.1020371163925238,0.44,0.43,0.04183938588721583,0.05921855411617217,0.08380248373743347,0.060593397409109906,0.15587129126619306,0.783535311324697,0.07733333333333334,0.38873994638069703,0.19893333333333332,0.49926188367286684,0.7065249483318571,0.2934750516681429,0.29335562055996656,2.6106734350792764,8.840689586973003,9.374690971421037,0.9430379746835443,0.21926136363636364,0.2723167031261026,-0.0741668589511158,3.7380096911362366,0.46255506607929514,26.28473481227544,0.546203649205415,1.7503378712463329,0.36875,0.4256833884049265,0.8662541457906993,0.06978119455943228,0.04931048892603427,0.034839090640684973,-0.01402128917800119,-23.710000000000008,0.22033898305084745,0.3813559322033898,0.3983050847457627,0.32633417938490955,0.125,0.1793103448275862,0.12064343163538874,0.025066666666666668,0.6062019118675682,0.9487666034155597,0.9145748200038918
SEA,SEA,2023-2024,82,4088.733333333333,59.24084068415647,40.589587647356154,27.5146337088911,2.3175392542107582,0.51,0.5,0.03912063413425811,0.05709689081706436,0.08422933333333334,0.05386840202458424,0.16305133767172814,0.7830802603036876,0.06879039704524469,0.3303769401330377,0.2082179132040628,0.46445380232846173,0.6851622491949467,0.3148377508050533,0.32212581344902386,2.70010272129918,8.745984901599517,5.150739430304413,1.6980056980056981,0.18891304347826085,0.22009751155575252,0.2788149549167631,3.3164305163783405,0.47404255319148936,25.049322528574454,0.513674788662357,2.113123868842836,0.496551724137931,0.5096817917769315,0.9742386958866542,0.0768,0.052060737527114966,0.03567005201882586,-0.007429333333333343,-13.930000000000007,0.1527777777777778,0.3194444444444444,0.5277777777777778,0.2347915409825374,0.08695652173913043,0.1476510067114094,0.10199556541019955,0.03508771929824561,0.5456349206349206,0.8114305874051861,1.247537754432042
NSH,NSH,2023-2024,82,3952.7,61.62876008804108,44.536645837022796,30.92063652693096,2.796367040250968,0.51,0.52,0.0453743842364532,0.06278800272665304,0.09043691703485518,0.06475800954328562,0.18029993183367415,0.7549420586230402,0.08577878103837472,0.3591682419659735,0.23882618510158013,0.5017241379310344,0.7226600985221675,0.2773399014778325,0.3057259713701431,3.2635919751056237,8.4246211450401,9.608621954613302,0.8767772511848341,0.20223255813953486,0.23602214743241776,0.2884104536139854,4.007387355478534,0.509518477043673,30.313456624585726,0.5112386417981827,2.550155589849976,0.5185185185185185,0.5293830282479381,0.9794770343027861,0.08247422680412371,0.05725971370143149,0.041379310344827586,-0.00796269023073147,-16.22,0.24404761904761904,0.34523809523809523,0.4107142857142857,0.4402054292002935,0.13488372093023257,0.21578947368421053,0.10964083175803403,0.031151241534988713,0.7557603686635944,0.8590047393364929,1.105060858424087
CBJ,CBJ,2023-2024,82,4085.6,58.875073428627374,41.501860191893485,28.460935970236932,2.4235852751125906,0.48,0.47,0.04116487902220005,0.058397027600849256,0.0851547987616099,0.058386411889596604,0.16206652512384997,0.7795470629865534,0.07489786654561961,0.36026200873362446,0.2078983204720835,0.4834123222748815,0.7049139436268396,0.2950860563731604,0.31422505307855625,3.3777168592128453,6.226747601331506,5.771490111611514,1.078880407124682,0.17195652173913042,0.23965339635217836,-0.2349716075974153,3.7154885451341295,0.4738292011019284,22.116702565106717,0.5040650406504065,2.57000195809673,0.4716981132075472,0.4507907891502089,1.0463792175007633,0.09029927760577916,0.061924982307147915,0.04365178348715391,0.005144478844169256,9.969999999999999,0.17142857142857143,0.38285714285714284,0.44571428571428573,0.2790287840219307,0.08260869565217391,0.18181818181818182,0.1462882096069869,0.035406264185202,0.6623978803267829,1.1752324153657254,1.2434241989478718
VAN,VAN,2023-2024,82,3968.366666666667,56.74374847754324,40.33901437199183,26.686042116403897,2.5420534056832786,0.51,0.51,0.044798827604583,0.06301724137931035,0.09525779036827195,0.07196401799100449,0.17091454272863568,0.7571214392803598,0.09504950495049505,0.42105263157894735,0.22574257425742575,0.4702904343192113,0.7108979483080202,0.2891020516919797,0.338455772113943,2.978555409026384,6.108306524094716,6.304860941949248,0.9688249400479616,0.2131979695431472,0.24980669719859633,0.04535871181258452,3.946207927694853,0.5188235294117647,30.632250044098743,0.5272919978802332,2.827359702984435,0.5753846153846154,0.5224998446143329,1.1012149023878042,0.10594900849858357,0.07008995502248876,0.049826805222488675,0.010691218130311625,18.870000000000005,0.18716577540106952,0.36363636363636365,0.44919786096256686,0.4384675475216504,0.14720812182741116,0.18229166666666666,0.14912280701754385,0.041584158415841586,0.6545726575649897,1.187565490743975,1.4634146341463414
MIN,MIN,2023-2024,82,3961.8333333333335,56.26183164359934,39.845189516637916,27.09351731100921,2.325741449665559,0.5,0.5,0.04133781965006729,0.058369441277080956,0.08584125209614309,0.048270619536297986,0.1862409730140631,0.765488407449639,0.06305858987090368,0.25918367346938775,0.24329692154915591,0.48156123822341856,0.7082099596231494,0.2917900403768506,0.3200304066894717,2.3322535863026377,6.330402591392874,6.542425644693114,0.9675925925925926,0.2048051948051948,0.20537865468515987,-0.12115603045727988,4.482773126919356,0.46297896859694615,22.2927096041395,0.5108583247156153,2.4079761053384376,0.4937888198757764,0.5093701283624664,0.9694106355691073,0.0888764673001677,0.06043329532497149,0.04279946164199192,0.0030352152040246105,5.430000000000007,0.13836477987421383,0.48427672955974843,0.37735849056603776,0.24231206091455976,0.1038961038961039,0.1732283464566929,0.15714285714285714,0.029791459781529295,0.6131549609810479,1.263537906137184,1.0572687224669604
NYI,NYI,2023-2024,82,4130.933333333333,56.87818733458136,41.39500355044864,28.831256858821256,2.4993867406881414,0.47,0.48,0.04394279877425945,0.06037894736842106,0.08669017632241814,0.06982456140350878,0.16912280701754387,0.7610526315789473,0.09174734900875979,0.41286307053941906,0.2222222222222222,0.5068947906026557,0.7277834525025536,0.2722165474974464,0.30350877192982456,3.442321347879414,6.695823381318185,8.482344587179652,0.7893835616438356,0.20367088607594938,0.28050906555090654,0.2614421276870441,3.0211090310502873,0.5103655210038188,28.453618229939966,0.5270599707459775,2.4110773997805177,0.5123456790123457,0.4997386304234187,1.025227284467173,0.0836272040302267,0.05824561403508772,0.042390194075587334,-0.003062972292191435,-6.0800000000000125,0.1746987951807229,0.35542168674698793,0.46987951807228917,0.34858950358272545,0.10126582278481013,0.1457286432160804,0.12240663900414937,0.035961272475795295,0.5242227042660882,0.970714050674564,1.3933547695605575
PIT,PIT,2023-2024,82,4007.516666666667,62.8668626872003,44.990455435826846,31.336114218697364,2.809470536616608,0.51,0.51,0.044689211717075496,0.06244592346089851,0.08965599617773531,0.06821963394342762,0.1767054908485857,0.7550748752079867,0.09034817100044072,0.3860640301318267,0.23402379903040987,0.4984520123839009,0.7156465825196475,0.2843534174803525,0.30349417637271214,3.548332092609305,8.98311922179571,8.294413414791372,1.0830324909747293,0.19877637130801687,0.25105249134026114,0.08983119221795709,3.5633039579789645,0.5452091767881242,22.382938727640976,0.5082116788321168,2.679963901169053,0.50997150997151,0.5149560922063666,0.9903203742798734,0.08552317247969422,0.05956738768718802,0.04262919742795904,-0.004132823698041091,-8.650000000000006,0.16759776536312848,0.30726256983240224,0.5251396648044693,0.35932476887182835,0.10126582278481013,0.14634146341463414,0.10357815442561205,0.041427941824592335,0.5184033177812338,0.8320726172465961,1.4761306532663316
COL,COL,2023-2024,82,3968.1,63.52158463748393,44.545248355636204,31.360096771754744,2.8211990625236263,0.53,0.52,0.04441323494406094,0.06333333333333334,0.08996142719382835,0.058384249830278345,0.2043448744059742,0.7372708757637475,0.07918968692449356,0.2857142857142857,0.27716390423572745,0.4936919781004523,0.7012616043799096,0.29873839562009047,0.29599456890699255,2.8124291222499433,8.10463445981704,7.575413926060332,1.0698602794411178,0.20801075268817204,0.20736413334762566,0.1209646934301051,3.8708701897633633,0.4811269146608315,23.52763287215544,0.49481132075471695,2.963634989037575,0.5384615384615384,0.5215665446006765,1.0323927867608862,0.09450337512054002,0.06653088934147998,0.04665555820042847,0.00454194792671167,9.419999999999987,0.12244897959183673,0.4336734693877551,0.44387755102040816,0.332652906932789,0.11827956989247312,0.13953488372093023,0.14119601328903655,0.04005524861878453,0.4963805584281282,1.1447811447811447,1.3597999374804628
WPG,WPG,2023-2024,82,4044.7833333333333,59.38018929732536,43.3743875856556,29.816182984667492,2.5317054477578114,0.51,0.51,0.042635523357481886,0.05836867305061559,0.08491044776119402,0.05506155950752394,0.17305061559507523,0.7718878248974008,0.07133362871067789,0.3181818181818182,0.22419140451927339,0.5021234074444166,0.7304521608793405,0.2695478391206595,0.3125854993160055,3.129957517295941,6.512091706601508,6.912607597440324,0.9420600858369099,0.2048815165876777,0.2532958340657409,0.2670105938925447,3.6194769394322726,0.4802907464355605,25.51434563862094,0.5345243843553839,2.6552720170425284,0.5966666666666667,0.5135712566201251,1.1617991836096953,0.0890547263681592,0.06121751025991792,0.04471646265301024,0.004144278606965174,8.330000000000013,0.18435754189944134,0.37988826815642457,0.43575418994413406,0.4598515783704936,0.14691943127962084,0.20496894409937888,0.13438735177865613,0.034559149313247675,0.725753243897075,1.059850374064838,1.2776412776412778
DET,DET,2023-2024,82,4001.5666666666666,53.319116679300606,38.070089215057436,26.40465817554791,2.1888427032745508,0.46,0.46,0.04105174353205849,0.057495076801890505,0.0828960817717206,0.05474596297755022,0.15833005120126034,0.7869239858211895,0.06956956956956957,0.34577114427860695,0.2012012012012012,0.4952193475815523,0.7140044994375703,0.28599550056242967,0.3064198503347775,2.563995768324073,5.907686156255467,7.49706365007039,0.788,0.2045029239766082,0.23955336347444856,0.4348296917040826,3.928461352636884,0.5034693311129614,22.92602064191525,0.5385035499726926,2.683948786725199,0.48509485094850946,0.45928769192046304,1.0561895288770673,0.10164679159568427,0.07050019692792438,0.050337457817772775,0.018750709823963665,33.02000000000001,0.16201117318435754,0.35195530726256985,0.4860335195530726,0.404841437103801,0.15789473684210525,0.20863309352517986,0.15671641791044777,0.04354354354354354,0.7299270072992702,1.2577360750648832,1.5491452991452992
CAR,CAR,2023-2024,82,4028.9333333333334,70.15752721977694,49.78488930072476,32.00350795909588,2.793344805903961,0.6,0.59,0.03981532583315644,0.05610828597068501,0.08728245695672406,0.05234819024827999,0.16183069099611128,0.7858211187556088,0.06661591168633423,0.3234750462107209,0.20593833269889608,0.4561664190193165,0.7096157928253025,0.29038420717469754,0.3571642237511217,3.73796207432902,7.461031869477447,8.488599132938413,0.8789473684210526,0.15999999999999998,0.21410673348616516,-0.04467683754178112,3.767746632690207,0.5230402542372882,19.121686467882316,0.46525176862255513,2.516795181520336,0.5365079365079365,0.5596598537968074,0.9586321635689872,0.07864122847836202,0.05055339515405324,0.035873487582254296,-0.008641228478362031,-18.569999999999993,0.21301775147928995,0.33727810650887574,0.44970414201183434,0.3276301419730615,0.08764940239043825,0.2057142857142857,0.10536044362292052,0.02893033878949372,0.7393715341959335,0.8526551982049365,1.0551159239205887
NJD,NJD,2023-2024,82,3985.5666666666666,60.789348231535456,42.799434626611024,29.401088929219597,2.807480324838793,0.52,0.51,0.04618375433382863,0.0655962011959198,0.09548899129544292,0.0784382694336968,0.17059444249032713,0.7509672880759761,0.10444964871194379,0.45979381443298967,0.22716627634660422,0.4836552748885587,0.704061416542843,0.295938583457157,0.31304959549771366,3.7936888940928517,7.2712370470113,8.129333344484682,0.8944444444444445,0.21607142857142858,0.2919727599335085,-0.18065185209965962,3.823797536109462,0.5355436920483282,23.424523488922528,0.5388059701492537,2.664614818469979,0.4889502762430939,0.5182005112815383,0.9435542142440057,0.09062980030721966,0.06225817798100598,0.043833580980683504,-0.004859190988223253,-9.490000000000009,0.21468926553672316,0.3785310734463277,0.4067796610169492,0.40646666722423413,0.10714285714285714,0.17040358744394618,0.13814432989690723,0.03372365339578454,0.5875077303648731,1.077690204278591,1.2070410729253982
WSH,WSH,2023-2024,82,4104.166666666667,53.31654822335025,36.89908629441624,24.69197969543147,2.331191878172589,0.47,0.46,0.043723608445297504,0.06317749603803487,0.09441089402013025,0.06259904912836767,0.18898573692551507,0.7484152139461173,0.08364213869772366,0.3312368972746331,0.2525145579671784,0.46312037290924046,0.6920756786399781,0.30792432136002196,0.330824088748019,3.157766497461929,7.9528934010152295,8.93238578680203,0.8903436988543372,0.20175925925925925,0.27329737865295367,0.05847715736040609,3.377055837563452,0.4617996604414261,25.803045685279187,0.5008138903960934,2.090558375634518,0.449685534591195,0.4743292283895532,0.9480451713211334,0.08466548253404381,0.05665610142630745,0.03921030984370716,-0.009745411486086444,-16.460000000000008,0.17482517482517482,0.40559440559440557,0.4195804195804196,0.3508629441624366,0.1111111111111111,0.15822784810126583,0.12159329140461216,0.03176283748014823,0.5477651183172656,0.9658617818484596,1.1158638646085177
ANA,ANA,2023-2024,82,3874.4,51.78608300640099,37.52322940326244,25.81561015899236,2.239469337187694,0.46,0.46,0.043244617224880384,0.059682212133718535,0.08674865026994602,0.06190672719768882,0.16260833677259595,0.7754849360297152,0.07982969664715274,0.38071065989847713,0.20968600319318786,0.49850478468899523,0.7245813397129187,0.27541866028708134,0.3120099050763516,2.5087755523435886,6.457774106958497,7.386950237456122,0.8742138364779874,0.22796296296296295,0.25537652997717997,-1.1614701631220317,5.621515589510634,0.469251741896395,27.58104480693785,0.5414301929625426,1.9667561428866402,0.4219269102990033,0.4676605652933187,0.9022075873221617,0.07618476304739052,0.052414362360709864,0.03797846889952153,-0.010563887222555496,-17.610000000000014,0.2125984251968504,0.3464566929133858,0.4409448818897638,0.2942391079909147,0.11728395061728394,0.18,0.1116751269035533,0.029803086748270355,0.6274692075296304,0.8787697223886559,1.0869565217391304
BUF,BUF,2023-2024,82,4047.4166666666665,58.17043793366138,41.923037328337,29.307583026210136,2.499075542012395,0.51,0.51,0.04296126401630989,0.05961103253182461,0.08527061203844209,0.05905233380480905,0.16902404526166903,0.771923620933522,0.07650022904260192,0.3493723849372385,0.2189647274393037,0.503822629969419,0.7206931702344547,0.2793068297655454,0.3009193776520509,2.8166114188062346,6.463381992629043,6.137248038872532,1.0531400966183575,0.207,0.23330169652390553,-0.3113096831312154,3.928431715703432,0.45623039635015683,23.807778624225328,0.5097751710654936,2.594247359426795,0.5239520958083832,0.4810661187683703,1.0891477810780148,0.08851795649974709,0.06188118811881188,0.0445973496432212,0.0032473444613049934,6.4199999999999875,0.13714285714285715,0.33714285714285713,0.5257142857142857,0.4002553068829912,0.14210526315789473,0.1437125748502994,0.12343096234309624,0.04214383875400825,0.5208333333333334,1.0044262853251618,1.4429109159347553
STL,STL,2023-2024,82,4054.2166666666667,51.44273657467739,37.812483299281,26.80172495303244,2.216211105310109,0.45,0.46,0.04308112773302647,0.0586105675146771,0.08268912203202651,0.0547945205479452,0.17142857142857143,0.7737769080234833,0.07081436519979767,0.319634703196347,0.22154779969650987,0.5210011507479861,0.7350402761795167,0.26495972382048333,0.29119373776908025,2.5602973036303767,9.042437297792834,7.799287161926061,1.159392789373814,0.2053757225433526,0.2372621035058431,0.4291827850016238,3.329866435357426,0.4897546897546898,23.36826267301945,0.547840349917988,2.234710363284317,0.4748427672955975,0.44298180742493715,1.071923856322382,0.08337934842628382,0.059099804305283755,0.04344073647871116,6.902263942573095e-4,1.25,0.17218543046357615,0.3841059602649007,0.44370860927152317,0.2663893148285941,0.10404624277456648,0.18571428571428572,0.1324200913242009,0.03388973191704603,0.6544173168890008,1.0439164866810655,1.2302607418288651
PHI,PHI,2023-2024,82,3988.2166666666667,61.817102882240604,44.832067799726694,31.33731450564789,2.5269941034631183,0.52,0.54,0.040878559260160624,0.05636577181208054,0.08063850216034565,0.053355704697986575,0.16308724832214766,0.7835570469798657,0.06809421841541756,0.3271604938271605,0.20813704496788007,0.5069359941591628,0.7252372840107082,0.2747627159892918,0.301006711409396,3.0389522468271113,5.761973814528632,6.273480628351018,0.9184652278177458,0.1912871287128713,0.23004107876406502,0.3309749971791904,3.8814340578286872,0.49737060614447826,28.23818498660638,0.5276217228464419,2.467268160790328,0.47674418604651164,0.5191148746793585,0.9183789740969801,0.07873259721555449,0.05503355704697987,0.03991238744220005,-0.001905904944791162,-3.969999999999999,0.15853658536585366,0.3780487804878049,0.4634146341463415,0.27079772496479215,0.0891089108910891,0.16352201257861634,0.12757201646090535,0.032548179871520345,0.5691768826619965,1.0160603080957062,1.2402088772845952
TOR,TOR,2023-2024,82,4090.883333333333,60.16304547102704,43.16427177504451,30.14018977156523,2.7227371431597898,0.51,0.51,0.04525597269624573,0.06307849133537206,0.09033576642335765,0.06388039415562351,0.19130139313625552,0.744818212708121,0.08576642335766424,0.3339253996447602,0.2568430656934307,0.5009751340809361,0.7174549000487567,0.2825450999512433,0.30173292558613657,3.0213523566629865,7.744048758825519,9.841395297674097,0.7868852459016393,0.19412621359223303,0.21541693600517134,-0.0733337950646356,3.8866911384256864,0.5394588500563697,31.064195589379636,0.514978601997147,2.933351802585424,0.5405405405405406,0.5113486117232261,1.0570881159116454,0.09732360097323602,0.06795786612300374,0.04875670404680644,0.006987834549878363,14.360000000000014,0.17,0.4,0.43,0.22000138519390677,0.07281553398058252,0.18085106382978725,0.14209591474245115,0.03923357664233577,0.6499713247944944,1.1140509678317783,1.3979193758127437
ARI,ARI,2023-2024,82,3988.75,56.01754935756816,39.86211219053588,26.670009401441554,2.4467815731745537,0.49,0.48,0.04367883995703545,0.061381132075471696,0.09174280879864637,0.06716981132075471,0.16754716981132076,0.7652830188679245,0.08777120315581854,0.4009009009009009,0.21893491124260356,0.4761009667024705,0.7116004296455424,0.28839957035445757,0.3309433962264151,3.21905358821686,6.001880288310875,8.709495455969915,0.689119170984456,0.18654205607476637,0.2454198942579614,-0.12033845189595738,4.452522720150423,0.456776352481874,25.541836414916954,0.5152815013404826,2.5872767157630836,0.5,0.4842224339128364,1.0325833025943685,0.09701071630005641,0.0649056603773585,0.04618689581095596,0.005267907501410041,9.340000000000003,0.19186046511627908,0.36046511627906974,0.4476744186046512,0.3459730492008775,0.10747663551401869,0.1853932584269663,0.13963963963963963,0.03796844181459566,0.6650544135429263,1.113305799964087,1.3426329555361813
BOS,BOS,2023-2024,82,4011.6666666666665,53.244702949729955,38.587453261321144,26.876609887827172,2.518953053593685,0.47,0.48,0.04730898876404494,0.06527906976744186,0.0937228714524207,0.07325581395348837,0.18643410852713177,0.7403100775193798,0.09895287958115183,0.39293139293139295,0.2518324607329843,0.5047752808988764,0.7247191011235955,0.2752808988764045,0.30348837209302326,3.1557955961778146,6.132114665558786,8.4353967594516,0.7269503546099291,0.2150710900473934,0.26944543403396276,-0.25425841296219365,4.113003739094308,0.48955052963068996,30.899875363523055,0.5256064690026954,2.6323223930203574,0.5659163987138264,0.49937733499377335,1.1332440602673381,0.09794101279910963,0.06821705426356589,0.04943820224719101,0.004218141346688936,7.5800000000000125,0.25,0.35795454545454547,0.39204545454545453,0.4636476942251766,0.14691943127962084,0.2328042328042328,0.13097713097713098,0.03612565445026178,0.8252063015753939,1.0432190760059612,1.261195393895083
EDM,EDM,2023-2024,82,4055.8,63.893683120469454,46.02297943685586,32.45722175649687,3.212288574387297,0.55,0.55,0.05027552674230146,0.06979749276759883,0.09896991795806745,0.0784313725490196,0.203150112504018,0.7184185149469624,0.10917225950782998,0.3860759493670886,0.2827740492170022,0.5079879601759667,0.7203056263023848,0.2796943736976152,0.2947605271616843,3.7132008481680554,8.66906652201785,10.23719118299719,0.846820809248555,0.22159362549800796,0.256148107211937,-0.3994279796834163,3.949898910202673,0.5419742958709325,25.933231421667735,0.47591175146330483,2.8699640021697324,0.5590778097982709,0.5816613538346147,0.9611740682315212,0.08842297174111212,0.0623593699774992,0.04491780504746469,-0.01054694621695533,-23.139999999999986,0.16494845360824742,0.4793814432989691,0.3556701030927835,0.41422160856057993,0.11155378486055777,0.13114754098360656,0.14715189873417722,0.03087248322147651,0.4556457354406948,1.1606140022463498,1.0332434860736748
FLA,FLA,2023-2024,82,3862.7166666666667,65.50312172348477,45.01495061765683,31.40794691128437,2.662996250480016,0.56,0.54,0.04065449371591179,0.059158040027605246,0.08478733926805143,0.057971014492753624,0.16597653554175293,0.7760524499654935,0.07469986660738105,0.3492723492723493,0.2138728323699422,0.47948778752667776,0.6872184017073749,0.3127815982926251,0.3022774327122153,3.5726151283854626,6.850101180947779,8.63640874514051,0.7931654676258992,0.20304347826086958,0.27239850676621563,-0.3572615128385463,5.296790255562795,0.5107709750566893,32.93019161816166,0.4764705882352941,2.4076319343467247,0.5636363636363636,0.5398664819246757,1.0440291859330588,0.07665677546983185,0.05348516218081435,0.036755987668958975,-0.008130563798219581,-16.439999999999998,0.14838709677419354,0.3870967741935484,0.4645161290322581,0.38832773134624593,0.10869565217391304,0.13690476190476192,0.12474012474012475,0.03201422854602046,0.47218230342845413,0.986842105263158,1.1624152405553763
SJS,SJS,2023-2024,82,4077.2833333333333,52.60855880345164,36.774486279671514,24.81063780213132,2.164676643353213,0.44,0.43,0.041146853146853145,0.05886354541816727,0.08724792408066429,0.058823529411764705,0.16646658663465386,0.7747098839535814,0.0759297520661157,0.35336538461538464,0.21487603305785125,0.47160839160839163,0.699020979020979,0.30097902097902096,0.32533013205282113,2.913704795268091,6.7986445222922125,5.783262548183636,1.1755725190839694,0.18353535353535355,0.24704282800815774,-0.529764508230562,3.929086769376668,0.4916961611761503,26.385215646038823,0.5285087719298246,1.7511660133176912,0.34492753623188405,0.41345775479228736,0.8342509778421462,0.07058125741399762,0.047619047619047616,0.03328671328671329,-0.016666666666666663,-28.099999999999994,0.1092436974789916,0.4117647058823529,0.4789915966386555,0.17658816941018735,0.06060606060606061,0.08843537414965986,0.11778846153846154,0.029442148760330578,0.31522793404461685,0.9247027741083222,1.0783200908059023
DAL,DAL,2023-2024,82,4094.116666666667,62.51898048826161,44.37587269537182,30.028455466584163,2.660207533574601,0.53,0.53,0.04255039849976559,0.059947159841479525,0.08858955588091752,0.05548216644649934,0.17701453104359313,0.7675033025099075,0.07228915662650602,0.31343283582089554,0.2306368330464716,0.480309423347398,0.7097984060009377,0.29020159399906237,0.32331571994715985,3.106897295712954,6.946553387584624,8.573277915056972,0.8102564102564103,0.19433962264150945,0.2269722344645218,0.20517246292444036,3.062931767943431,0.545858374706036,19.667246088899926,0.5,2.8431041290958166,0.5464788732394367,0.5423526248169949,1.0076080546744548,0.09468033186920449,0.06406869220607662,0.04547585560243788,0.006090775988286973,12.47999999999999,0.18041237113402062,0.3247422680412371,0.4948453608247423,0.33706904623300915,0.10849056603773585,0.20833333333333334,0.11753731343283583,0.04130808950086059,0.767712217591577,0.9460880012013816,1.384083044982699
MTL,MTL,2023-2024,82,4025.8,53.445277957176216,38.06448407769884,26.05196482686671,2.3528739629390434,0.46,0.46,0.04402398215281651,0.06181284259984338,0.09031464530892448,0.06303837118245889,0.1773688332028191,0.759592795614722,0.08298969072164948,0.3554083885209713,0.23350515463917526,0.48745119910764084,0.7122141662018963,0.28778583379810374,0.3155833985904464,2.757215957076854,5.678374484574495,10.000496795667942,0.5678092399403875,0.2182702702702703,0.2557800722113131,-0.46201997118585125,4.351930051169954,0.5116754232340922,25.381290675145312,0.5035460992907801,2.3846192061205227,0.49079754601226994,0.4651169642331035,1.055213169490623,0.09153318077803203,0.06264682850430697,0.044617958728388175,0.0012185354691075512,2.1299999999999955,0.175,0.375,0.45,0.3576928809180784,0.12972972972972974,0.17391304347826086,0.13245033112582782,0.03711340206185567,0.5972696245733788,1.0662875422072151,1.3157894736842106
VGK,VGK,2023-2024,82,4075.25,58.67124716275075,41.415864057419796,29.549107416722904,2.6018526470768664,0.49,0.49,0.044346298619824344,0.06282260931389975,0.08805181863477828,0.06541059367223605,0.17739068610024886,0.7571987202275151,0.0863849765258216,0.3687374749498998,0.23427230046948358,0.5036386449184441,0.7058971141781681,0.29410288582183186,0.286526839672947,3.253788111158825,8.43629225200908,7.081774124286854,1.1912681912681913,0.21420814479638012,0.2678813942960616,0.5447518557143733,3.003496717992761,0.5045492142266336,28.00318998834427,0.49138804457953394,2.5912520704251274,0.5191740412979351,0.5154140053081343,1.0072951762099536,0.08769307424015944,0.06256665481692143,0.044165621079046424,-3.587443946188318e-4,-0.7199999999999989,0.18181818181818182,0.3522727272727273,0.4659090909090909,0.3680755781853874,0.11312217194570136,0.17391304347826086,0.12424849699398798,0.038497652582159626,0.6103375929811177,1.0091145833333335,1.3044861597200128
CGY,CGY,2023-2024,82,4005.266666666667,61.823598928078034,43.74240583232078,29.900630836065847,2.4747415902395176,0.51,0.52,0.04002907681124303,0.05657534246575342,0.08276553106212424,0.057534246575342465,0.14931506849315068,0.7931506849315069,0.07253886010362694,0.3853211009174312,0.18825561312607944,0.48364429367579354,0.7075357402471529,0.2924642597528471,0.31643835616438354,3.0559762978744653,7.744802676475973,10.171607383611578,0.7614138438880707,0.18470588235294116,0.22808716707021792,0.13482248372975583,3.9098520281629185,0.49824276831576103,24.387889279115832,0.5312199807877042,2.501706086985469,0.4785100286532951,0.4967823419738979,0.9632186739005251,0.08366733466933868,0.05719178082191781,0.04046522897988854,9.018036072144381e-4,1.8000000000000114,0.19760479041916168,0.33532934131736525,0.46706586826347307,0.2996055193994574,0.09803921568627451,0.19642857142857142,0.12844036697247707,0.03367875647668394,0.7016797788645546,1.0099188458070334,1.2434241989478718
LAK,LAK,2023-2024,82,4005.4666666666667,62.47961119802937,45.56772411038248,31.442029226723477,2.731217336307047,0.54,0.55,0.043713737712778714,0.05993754109138725,0.08686517389232969,0.06476002629848784,0.16074950690335305,0.7744904667981591,0.08361629881154499,0.40286298568507156,0.20755517826825126,0.5032366339007432,0.7293215056341404,0.2706784943658595,0.30999342537804075,3.8647182184348057,5.212875736493459,7.160214373689291,0.7280334728033473,0.19875968992248064,0.2812482860746997,0.10485669584900635,3.909656802370094,0.5074328187535735,24.266835325055755,0.5031963470319635,2.471622116440864,0.5357142857142857,0.5451148050705573,0.9827549733215284,0.0786088613625536,0.054240631163708086,0.03955885878686166,-0.008256312529776086,-17.330000000000013,0.19393939393939394,0.4,0.40606060606060607,0.32954961552544854,0.08527131782945736,0.16243654822335024,0.13496932515337423,0.028438030560271648,0.5573941821982233,1.0793131643499592,1.0504860457823768
VGK,VGK,2024-2025,82,4277,58.835632452653734,42.59060088847323,28.576104746317515,2.6856207622165065,0.51,0.52,0.04564616118264187,0.0630566534914361,0.09398134511536574,0.06884057971014493,0.18017127799736496,0.7509881422924901,0.09166666666666666,0.3820840950639854,0.23991228070175438,0.48569384835479257,0.7238912732474965,0.2761087267525036,0.3290513833992095,3.282674772036474,5.078325929389759,16.722001402852467,0.3036912751677852,0.2062820512820513,0.25214166318428755,0.2805704933364508,2.4690203413607668,0.5037849125554685,19.906476502221185,0.5396825396825397,2.5812485386953474,0.5427728613569321,0.5262665970255931,1.031364833764162,0.09032891507118311,0.06060606060606061,0.043872198378636144,-0.003652430044182628,-7.439999999999998,0.15217391304347827,0.40217391304347827,0.44565217391304346,0.3927986906710311,0.11965811965811966,0.1339712918660287,0.13528336380255943,0.035964912280701755,0.4957507082152975,1.092896174863388,1.2193308550185873
TOR,TOR,2024-2025,82,4062.95,54.53672823933349,39.42947858083412,26.463530193578556,2.3768444110806186,0.47,0.48,0.04358245329000812,0.06028089887640449,0.0898158482142857,0.058426966292134834,0.17790262172284643,0.7636704119850187,0.07650809220205983,0.32842105263157895,0.2329573320255027,0.4852423503926347,0.7229894394800975,0.2770105605199025,0.32883895131086144,2.6286319053889415,4.843771151503218,16.06714333181555,0.3014705882352941,0.20016853932584272,0.22137309723516624,-0.41349265927466494,3.8100395033165557,0.5392969419834238,27.80738133622122,0.5935251798561151,2.4957235506220847,0.5540983606557377,0.49815840787396704,1.1122935032262335,0.09430803571428571,0.06329588014981273,0.045762252910912536,0.004492187500000008,8.050000000000011,0.13609467455621302,0.46745562130177515,0.39644970414201186,0.22151392461142763,0.08426966292134831,0.14743589743589744,0.16631578947368422,0.03285924472780775,0.5211874008610922,1.3151323455968038,1.1808248149453648
MIN,MIN,2024-2025,82,4159.066666666667,54.6468759016446,39.052030904369566,25.851953964030393,2.2101112429070624,0.48,0.48,0.04044350580781415,0.05659401551533062,0.08549107142857142,0.04839305504248245,0.17399335057258958,0.7776135943849279,0.06223277909738718,0.2781316348195329,0.22375296912114015,0.4730728616684266,0.7146251319957762,0.28537486800422385,0.338012560029553,2.7554258968358285,5.121341326579682,15.926650209983007,0.32155797101449274,0.20382198952879582,0.25411227154047,-0.17311576315198923,3.3469047542717916,0.4711186249647788,22.764722854486585,0.5827552031714569,2.0341102170358734,0.48788927335640137,0.4919085538145389,0.9918292121025956,0.07868303571428571,0.05208718138160325,0.037222808870116156,-0.006808035714285704,-12.199999999999989,0.1276595744680851,0.3829787234042553,0.48936170212765956,0.23082101753598563,0.08376963350785341,0.13740458015267176,0.11464968152866242,0.0327790973871734,0.4754358161648178,0.9316770186335404,1.202928870292887
PHI,PHI,2024-2025,82,4151.266666666666,53.54992050619088,39.009780147424884,25.842714673433008,2.5540638198782704,0.48,0.5,0.04769500674763833,0.06547239718414227,0.09883109619686802,0.07224898110411264,0.18191922934420154,0.7458317895516858,0.09687034277198212,0.3971486761710794,0.24391455538996523,0.4825910931174089,0.7284750337381917,0.2715249662618084,0.337532419414598,3.121938685381169,5.232137981981404,16.924954632321057,0.30913748932536295,0.21055555555555555,0.25737083356912455,0.08672051903836579,3.266472883778445,0.5104427736006684,23.400086720519038,0.608875128998968,2.3992676933947874,0.4598337950138504,0.528644508929907,0.8698355648196466,0.09284116331096197,0.06150426083734717,0.04480431848852901,-0.005989932885906046,-10.710000000000008,0.1566265060240964,0.37349397590361444,0.46987951807228917,0.37578891583291846,0.12037037037037036,0.13333333333333333,0.12627291242362526,0.038748137108792845,0.46872183162069586,0.9816339455351489,1.3427440179032535
BUF,BUF,2024-2025,82,4001.3166666666666,57.431095597699084,41.08647570174818,26.256357282394543,2.3867643567325754,0.5,0.49,0.04155874673629242,0.05809124087591241,0.09090234151913192,0.05547445255474453,0.16496350364963502,0.7795620437956204,0.07116104868913857,0.336283185840708,0.21161048689138576,0.45718015665796347,0.7154046997389034,0.2845953002610966,0.36094890510948907,2.8190720554484145,4.8733958405358235,15.984738356957502,0.3048780487804878,0.20324468085106384,0.24005779983665265,-0.11996051299780489,4.093652506050092,0.48288043478260867,23.857147022438447,0.5899645210339585,2.7740868630742384,0.5013550135501355,0.4740729709605361,1.0575481924951813,0.105653912050257,0.06751824817518248,0.048302872062663184,0.01475157053112508,25.830000000000013,0.11891891891891893,0.33513513513513515,0.5459459459459459,0.3148963466192378,0.11170212765957446,0.14473684210526316,0.13716814159292035,0.04728464419475655,0.5225653206650831,1.1010477712662048,1.662277814351547
CGY,CGY,2024-2025,82,4093.0833333333335,61.74318464075575,42.70130504713236,28.218335810411876,2.346886006881528,0.52,0.51,0.038010446343779675,0.05496052179883282,0.08316883116883117,0.055612770339855816,0.15207689667009955,0.7923103329900446,0.07019064124783363,0.3656884875846501,0.19194107452339687,0.4570275403608737,0.6915954415954416,0.3084045584045584,0.3391692413319602,2.799845267422685,5.570372783354032,16.69645947431643,0.33362598770851626,0.19392670157068062,0.23135540287320425,0.2345420119306961,3.840625445365148,0.46018824726532687,26.136775454526948,0.5765765765765766,2.052242604393591,0.49645390070921985,0.4913303667331594,1.0104278797382842,0.07272727272727272,0.048060418812221076,0.03323836657169991,-0.010441558441558446,-20.099999999999994,0.2,0.3,0.5,0.3078363906590386,0.1099476439790576,0.1728395061728395,0.09480812641083522,0.030329289428076257,0.6349206349206349,0.7568931338979996,1.1568335812262436
SJS,SJS,2024-2025,82,4043.75,53.93508500772797,38.029057187017,25.580216383307572,2.2185347758887173,0.46,0.46,0.0411334250343879,0.058337885290675,0.08672853828306265,0.05891533359344518,0.16699180647678502,0.7740928599297698,0.07610887096774194,0.352803738317757,0.2157258064516129,0.47427785419532326,0.7050894085281981,0.29491059147180193,0.3273507608271557,2.8043276661514684,4.599690880989181,16.098918083462134,0.2857142857142857,0.2053968253968254,0.25963081861958265,-0.3412673879443586,3.9319938176197837,0.4835499032347249,25.684080370942812,0.5622681505034446,2.1217928902627508,0.41210374639769454,0.4369757722769384,0.9430814533500477,0.08294663573085846,0.055793991416309016,0.039339752407152685,-0.003781902552204189,-6.52000000000001,0.17482517482517482,0.2867132867132867,0.5384615384615384,0.3412673879443586,0.12169312169312169,0.16556291390728478,0.09579439252336448,0.03881048387096774,0.5914360066240832,0.780209324452902,1.4076782449725775
CBJ,CBJ,2024-2025,82,4188.816666666667,57.43865610415033,40.794337302897794,27.401533448189426,2.5472110261848018,0.49,0.49,0.04434663341645886,0.06244030898876405,0.09295870360690016,0.07092696629213484,0.1699438202247191,0.7591292134831461,0.09343200740055504,0.41735537190082644,0.2238667900092507,0.4770573566084788,0.7102244389027431,0.2897755610972569,0.3283005617977528,3.437725053614983,4.970377473351662,16.071364625650045,0.3092691622103387,0.22016666666666668,0.2971377157959849,-0.4297156317018729,3.4663727623951077,0.47579787234042553,22.77492848019926,0.5643765903307888,2.879094732402548,0.5289473684210526,0.483759521218716,1.093409731943873,0.10507056978567694,0.07057584269662921,0.05012468827930175,0.012111866178776784,23.169999999999987,0.14427860696517414,0.42786069651741293,0.42786069651741293,0.3867440685316855,0.1125,0.14356435643564355,0.17768595041322313,0.039777983348751156,0.4852744310575636,1.4264388787526954,1.4886619352605157
MTL,MTL,2024-2025,82,4020.9166666666665,55.15160307558393,38.33454228927898,24.75554910779051,2.4951026921721833,0.48,0.47,0.045240800865800866,0.06508758271701051,0.10078963230861966,0.05916699104710004,0.21019852082522383,0.7306344881276762,0.08098028769312733,0.2814814814814815,0.2876931273308471,0.44886363636363635,0.6950757575757576,0.30492424242424243,0.3542234332425068,2.596422872064828,4.8048745103728425,15.339785703923235,0.3132295719844358,0.19764367816091954,0.20566951737336284,-0.20890758740751486,4.07369795444654,0.5129236071223435,28.02346065366521,0.5627659574468085,2.3576713435990966,0.4647058823529412,0.46992861559215326,0.9888861136225319,0.09523809523809523,0.061502530167380304,0.04274891774891775,-0.005551537070524429,-9.210000000000008,0.1518987341772152,0.33544303797468356,0.5126582278481012,0.2984394105821641,0.11494252873563218,0.15789473684210525,0.09814814814814815,0.043153969099627064,0.5615348619560131,0.790454884414616,1.411149825783972
UTA,UTA,2024-2025,82,4064.9666666666667,61.74220370810749,43.80847731428712,28.029750141452574,2.738029832142945,0.53,0.53,0.04434616304087975,0.0625,0.09768299104791996,0.06165768194070081,0.19137466307277629,0.746967654986523,0.08254397834912043,0.3221830985915493,0.25620207487595853,0.4539803968443701,0.709538608654076,0.29046139134592397,0.36017520215633425,3.2767796373894003,4.841368112899654,18.64221928839105,0.2596991290577989,0.19518018018018019,0.23358490566037735,-0.08856161182133515,3.9114711887756353,0.5080256821829856,20.590574748460423,0.5442052221713238,2.3321224446284923,0.511326860841424,0.5327398047099369,0.9598059997034167,0.0832016850974197,0.05323450134770889,0.037771934018646904,-0.014481305950500262,-27.5,0.15822784810126583,0.4050632911392405,0.43670886075949367,0.3247259100115622,0.0990990990990991,0.1366120218579235,0.11267605633802817,0.03112313937753721,0.49261083743842365,0.9158557527189468,1.0636657931247109
NYR,NYR,2024-2025,82,4063.35,57.41075713389199,41.53715530289047,27.036804607036068,2.5301783011554506,0.49,0.49,0.04407150205761317,0.060913615357269815,0.09358274167121791,0.06043370067543548,0.1781016708140775,0.761464628510487,0.07936507936507936,0.3393213572854291,0.2338935574229692,0.47093621399176955,0.7235082304526749,0.27649176954732513,0.3490934944898685,3.0122928125807524,4.917125032300934,15.947432537192219,0.30833333333333335,0.2038235294117647,0.24266121972570762,-0.29532282476281885,3.721067592011518,0.5309957924263674,28.46912030713574,0.5785327424913835,2.6579054228653693,0.5113636363636364,0.48138783537013624,1.0622695439955434,0.09830693610049153,0.06398862424457874,0.046296296296296294,0.004724194429273618,8.650000000000006,0.15555555555555556,0.35555555555555557,0.4888888888888889,0.41345195466794643,0.13725490196078433,0.16470588235294117,0.1277445109780439,0.04108309990662932,0.5724800654262933,1.012337867763366,1.485733580955597
FLA,FLA,2024-2025,82,4020.6,63.617370541710194,45.53051783315923,29.637367557081035,2.6901954932099685,0.56,0.55,0.042287121745249824,0.05908554572271387,0.09077039274924471,0.06227466404457555,0.15994755817764666,0.7777777777777778,0.08006742520016856,0.38934426229508196,0.20564686051411715,0.46586910626319494,0.7156931738212526,0.28430682617874736,0.34906588003933137,3.6114012833905385,5.163408446500522,15.609610505894643,0.33078393881453155,0.20185950413223142,0.2709824152659899,-0.2835397701835547,4.4172511565437995,0.5008090614886731,34.02477242202656,0.4986175115207373,2.283241307267572,0.523972602739726,0.5472843741461489,0.957404646454975,0.0770392749244713,0.05014749262536873,0.03589021815622801,-0.013731117824773417,-27.27000000000001,0.1568627450980392,0.3464052287581699,0.49673202614379086,0.3283092075809581,0.09090909090909091,0.12631578947368421,0.10860655737704918,0.03202697008006743,0.4454342984409799,0.8734344100197758,1.1565971693806119
TBL,TBL,2024-2025,82,4117.966666666666,56.809590493690244,40.62198981698087,26.60536348845304,2.5755915136110863,0.5,0.5,0.045337265965632215,0.06340387374461981,0.09680722891566265,0.062410329985652796,0.19117647058823528,0.746413199426112,0.08361364728495915,0.32645403377110693,0.2561268620855358,0.46832521159271606,0.7150551423441908,0.2849448576558092,0.3450502152080344,2.753786253733639,4.604214053861534,15.342523413658844,0.30009496676163344,0.20693121693121694,0.22124794931266617,0.27683565513724406,3.3511684569245337,0.5001314751511964,19.90302657460397,0.5493171471927162,2.710075360817232,0.5636363636363636,0.5133290742246487,1.0980020262590833,0.10186199342825848,0.0667144906743185,0.04770453962554501,0.00505476451259583,9.22999999999999,0.13440860215053763,0.40860215053763443,0.45698924731182794,0.3496871433312557,0.12698412698412698,0.14367816091954022,0.1425891181988743,0.04084574723690534,0.5173841059602649,1.1348364939525162,1.3825634352635003
BOS,BOS,2024-2025,82,4065.616666666667,53.15798751316938,37.234203913305485,24.424339071153618,2.2790638566515127,0.48,0.47,0.042873403664630765,0.06120887831946096,0.09331117824773415,0.06539833531510107,0.17479191438763378,0.7598097502972652,0.08607198748043818,0.3741496598639456,0.2300469483568075,0.4594669627984453,0.7004441976679623,0.29955580233203777,0.34403487911216807,2.523602405539135,5.489942075207943,17.399574480296142,0.3155216284987277,0.2173684210526316,0.24069157547108722,0.014757908804322427,4.043667012384345,0.5159955874241589,30.297986775273944,0.5910577971646674,2.2579600470613315,0.4811320754716981,0.48372748629600626,0.9946345599581663,0.09244712990936556,0.06064209274673008,0.0424764019988895,-8.640483383685893e-4,-1.4300000000000068,0.13725490196078433,0.48366013071895425,0.3790849673202614,0.23612654086915882,0.0935672514619883,0.12727272727272726,0.16780045351473924,0.03025560772039645,0.4398826979472141,1.3376717281272597,1.1290636558302511
PIT,PIT,2024-2025,82,4135.3,58.96549222547337,41.62696781370154,26.871085531884024,2.578724639083017,0.51,0.5,0.04373277559055118,0.061948414081561515,0.09596652267818574,0.0658766120599512,0.17706517950505402,0.7570582084349947,0.08701657458563536,0.3720472440944882,0.23388581952117865,0.45570866141732286,0.7059547244094488,0.29404527559055116,0.35447891251307073,3.337121853311731,5.586051797934854,16.395424757575025,0.3407079646017699,0.20478260869565218,0.265008721093794,0.17411070539017726,3.235557275167461,0.528552097428958,22.953594660605035,0.565808644973288,2.2779483955214856,0.4460227272727273,0.4919316892247225,0.9066761443558411,0.0847732181425486,0.05472289996514465,0.03863188976377953,-0.011193304535637147,-20.72999999999999,0.1592356687898089,0.39490445859872614,0.445859872611465,0.29018450898362874,0.08695652173913043,0.13227513227513227,0.1220472440944882,0.03222836095764273,0.4721435316336166,0.966183574879227,1.155115511551155
EDM,EDM,2024-2025,82,4118.4,62.10664335664335,44.75524475524475,30.78379953379953,2.757721445221445,0.54,0.54,0.04440300258034248,0.061617838541666664,0.08958353052531945,0.057291666666666664,0.1845703125,0.7581380208333334,0.07556891369686561,0.31040564373897706,0.24345212537569771,0.49566033309875673,0.7206192821956369,0.27938071780436313,0.3121744791666667,3.3216783216783217,5.681818181818182,15.748834498834498,0.36077705827937095,0.20517543859649123,0.24713402715410218,0.20396270396270397,3.2196969696969697,0.5080440304826418,16.987179487179485,0.5691681735985533,2.4475524475524475,0.49557522123893805,0.5452214989342704,0.9089429199098448,0.07950780880265026,0.0546875,0.03940886699507389,-0.010075721722669184,-21.289999999999992,0.13690476190476192,0.4166666666666667,0.44642857142857145,0.32051282051282054,0.09649122807017543,0.13068181818181818,0.12345679012345678,0.0322026620867325,0.45743834526650756,0.9868884816015789,1.101645123384254
COL,COL,2024-2025,82,4072,62.50491159135561,43.320235756385074,28.37917485265226,2.5183202357563848,0.54,0.54,0.040289957567185286,0.05813265306122449,0.08873831775700934,0.053061224489795916,0.17312925170068028,0.7738095238095238,0.06857142857142857,0.30648330058939094,0.22373626373626374,0.45403111739745405,0.693069306930693,0.3069306930693069,0.3448979591836735,2.843811394891945,5.3339882121807465,16.090373280943027,0.3315018315018315,0.20108808290155442,0.22707857936925868,0.412573673870334,3.0648330058939095,0.4693768387269323,21.63064833005894,0.5639614855570839,2.431237721021611,0.515625,0.5302000930665425,0.9725102027382835,0.08566978193146417,0.05612244897959184,0.038896746817538894,-0.003068535825545171,-5.909999999999997,0.16363636363636364,0.34545454545454546,0.4909090909090909,0.35363457760314343,0.12435233160621761,0.17307692307692307,0.11198428290766209,0.03560439560439561,0.6258692628650904,0.9098164405426975,1.243666513127591
WSH,WSH,2024-2025,82,4080,57.985294117647065,41.41176470588235,26.26470588235294,2.7088235294117644,0.51,0.51,0.0467156987065686,0.06541193181818182,0.10313549832026875,0.06889204545454546,0.1903409090909091,0.7407670454545454,0.09300095877277086,0.3619402985074627,0.2569511025886865,0.4529546030940908,0.714177022571646,0.28582297742835405,0.36576704545454547,2.9411764705882355,4.514705882352941,15.867647058823527,0.2845227062094532,0.21215,0.23034744842562432,-0.22058823529411764,3.838235294117647,0.5055038103302286,21.38235294117647,0.5928290766208252,2.7941176470588234,0.5428571428571428,0.518814781433078,1.0463409337676437,0.10638297872340426,0.06747159090909091,0.04818665990362668,0.003247480403135508,5.800000000000011,0.22105263157894736,0.3368421052631579,0.4421052631578947,0.4117647058823529,0.14,0.21649484536082475,0.11940298507462686,0.040268456375838924,0.7618356611645202,0.9348524685948,1.3859099158554693
VAN,VAN,2024-2025,82,4079.15,53.467021315715286,37.30188887390755,23.85791157471532,2.175159040486376,0.49,0.49,0.040682255845942226,0.05831230283911672,0.09117139334155364,0.06585173501577288,0.14787066246056782,0.7862776025236593,0.08375125376128385,0.44533333333333336,0.18806419257773319,0.44621733149931225,0.6976616231086658,0.30233837689133425,0.36041009463722395,2.5152298885797286,4.662736109238444,14.15000674160058,0.3295218295218295,0.21789473684210525,0.25196104949959425,-0.10296262701788363,4.015542453697462,0.4895065229722065,30.373974970275672,0.5413737155219037,2.2357599009597586,0.4840764331210191,0.4893124214148633,0.9892992941427807,0.093711467324291,0.05993690851735016,0.04181568088033012,0.0025400739827373675,4.1200000000000045,0.19078947368421054,0.3157894736842105,0.4934210526315789,0.36772366792101296,0.14619883040935672,0.17365269461077845,0.128,0.03761283851554664,0.6166276844567298,1.0077682133109385,1.4095094906972374
CAR,CAR,2024-2025,82,3995.9666666666667,70.07565962345365,49.23464493364142,30.31556819793291,3.0248000066733955,0.59,0.58,0.04316477394471823,0.06143641354071363,0.09977711738484397,0.05916437938395852,0.19274168953949375,0.7480939310765478,0.07908683245006115,0.3069620253164557,0.2576437015898899,0.43261195628883653,0.7025926719520035,0.2974073280479966,0.38426349496797807,3.9489818900724902,5.795844142844035,17.46260812986428,0.33190025795356837,0.17996197718631177,0.23494663688260115,0.1351362623979179,3.5135428223458653,0.5344736842105263,19.925091133559672,0.5364321608040201,2.642664686892617,0.5131195335276968,0.5555249152028238,0.9236661029692167,0.0871718672610203,0.05367490088441598,0.037711592029140775,-0.012605250123823672,-25.44999999999999,0.1534090909090909,0.42045454545454547,0.42613636363636365,0.3303330858615771,0.08365019011406843,0.13917525773195877,0.11708860759493671,0.030574806359559722,0.5034495618124184,0.9374208259437548,1.088850174216028
WPG,WPG,2024-2025,82,4156.916666666667,57.14331535793757,41.670308521941344,26.84682156245615,2.552468776938035,0.5,0.51,0.044667845415508965,0.061253896778662976,0.09507526881720431,0.06546588153792865,0.18496709386906823,0.7495670245930032,0.08733826247689463,0.3539325842696629,0.24676524953789278,0.46981561000252586,0.7292245516544582,0.2707754483455418,0.35573259438863875,3.2042980574544435,5.253894112222602,14.881222059619509,0.3530552861299709,0.2018018018018018,0.25333634924225285,0.14433775033578572,3.045526532085079,0.4949748743718593,23.353848004330132,0.5646425073457395,2.4537417557083576,0.5882352941176471,0.5290175900442743,1.1119390076772622,0.0913978494623656,0.05888465535157603,0.04294013639808032,-0.003677419354838715,-6.840000000000003,0.18235294117647058,0.3941176470588235,0.4235294117647059,0.4041457009402001,0.12612612612612611,0.164021164021164,0.1254681647940075,0.033271719038817,0.5831452219714071,1.0239951092770898,1.2360515021459229
NSH,NSH,2024-2025,82,4013.483333333333,58.15397265052386,40.9320249658443,27.402630300362528,2.4952389653210636,0.51,0.5,0.04290745501285347,0.060960555149744335,0.09105837424986361,0.056610664718772824,0.1891891891891892,0.754200146092038,0.07506053268765134,0.29922779922779924,0.25084745762711863,0.4712082262210797,0.7038560411311054,0.2961439588688946,0.33053323593864137,2.87032461411326,5.023068074698204,16.594064175342286,0.3027027027027027,0.19557291666666665,0.22497154154933796,-0.01494960736517323,3.84204909284952,0.5094858399780039,27.28303344144114,0.5735887096774194,1.9434489574725198,0.40625,0.49666726179848836,0.8179520400215685,0.07092198581560284,0.04747991234477721,0.033419023136246784,-0.02013638843426077,-36.91,0.15384615384615385,0.4307692307692308,0.4153846153846154,0.2690929325731181,0.09375,0.12903225806451613,0.10810810810810811,0.026150121065375304,0.46264168401572986,0.8624672724472507,0.9189925119128659
STL,STL,2024-2025,82,4189.65,52.543768572553795,36.79066270452186,25.419784468869715,2.235365722673732,0.48,0.49,0.04254292722812755,0.06075905021409109,0.08793802816901408,0.06228104320747373,0.17360840794083301,0.7641105488516933,0.0815078960774325,0.35874439461883406,0.2272032603158431,0.4837830471518125,0.7001907876805669,0.2998092123194331,0.30906967691708837,2.2197558268590454,4.697289749740432,16.956070316136195,0.27702702702702703,0.21438709677419354,0.21288999935934394,-0.04296301600372346,3.365436253625005,0.5101024079712151,27.42472521571014,0.5972972972972973,2.5061759335505354,0.5434782608695652,0.4955710067625488,1.0966708170035682,0.09859154929577464,0.0681198910081744,0.047696920141727994,0.01065352112676056,18.909999999999997,0.17142857142857143,0.34285714285714286,0.4857142857142857,0.32938312269521325,0.14838709677419354,0.1875,0.13452914798206278,0.043301069791136015,0.6821282401091405,1.072577761887737,1.5135327635327636
ANA,ANA,2024-2025,82,4047.633333333333,55.958626028378724,40.20126987787102,26.296848364064598,2.3773892562732133,0.46,0.46,0.04248476821192053,0.05913716814159292,0.09040586245772265,0.06010324483775811,0.16039823008849557,0.7794985250737463,0.07710501419110691,0.37471264367816093,0.20577105014191108,0.4699337748344371,0.71841059602649,0.28158940397350996,0.34587020648967554,3.261164960594257,4.417396173895857,15.490533562822717,0.2851674641148325,0.20472727272727273,0.28083302157376233,-0.3112930189658154,4.120926632023651,0.44824707846410683,26.296848364064598,0.5798319327731093,2.3272859036968105,0.48909657320872274,0.45073351694677083,1.0851124995580979,0.08850056369785794,0.057890855457227136,0.041589403973509936,-0.0019052987598647125,-3.3799999999999955,0.1592356687898089,0.37579617834394907,0.46496815286624205,0.37058692734025644,0.11363636363636363,0.15337423312883436,0.135632183908046,0.03453169347209082,0.5406574394463668,1.0958395245170875,1.2104128668545846
NJD,NJD,2024-2025,82,4076.866666666667,58.1181626412441,40.20734878092653,25.82865926446781,2.536359622585973,0.51,0.5,0.04364142820967334,0.06308199121522694,0.0981994301994302,0.06881405563689605,0.17898975109809664,0.7521961932650073,0.09148418491484185,0.38445807770961143,0.23795620437956205,0.44441630792605724,0.6918207141048367,0.30817928589516336,0.3576134699853587,3.2083462790051183,4.3710038755253215,16.291923536048927,0.2682926829268293,0.19706422018348624,0.24927468956713472,-0.16188903242686375,3.6940133762857097,0.4938650306748466,26.432063839877028,0.5777439024390244,2.1928605301457003,0.4950166112956811,0.5163281203187728,0.9587248724513893,0.0849002849002849,0.054538799414348464,0.037731071157255,-0.013299145299145304,-23.340000000000003,0.20134228187919462,0.3087248322147651,0.4899328859060403,0.3384952496198061,0.10550458715596331,0.1595744680851064,0.09406952965235174,0.035523114355231145,0.5688282138794084,0.7524946834614755,1.2485035060714897
DET,DET,2024-2025,82,4157.716666666666,53.92863871596188,38.53076408124652,25.196522129534237,2.364951916717108,0.48,0.48,0.04385335830880385,0.06137827715355805,0.0938602520045819,0.06104868913857678,0.18164794007490637,0.7573033707865169,0.08061325420375866,0.33608247422680415,0.23986152324431256,0.46721969494246723,0.7144768530907145,0.28552314690928554,0.34606741573033706,2.7418895788152953,4.617919290636287,16.350320488409103,0.2824360105913504,0.20642105263157895,0.23932145472296804,0.5772399113295359,2.915061552214156,0.48206096574049095,21.41560071032578,0.574403250380904,2.0636326830030907,0.46885245901639344,0.4779235928842228,0.9810196985399152,0.08190148911798396,0.05355805243445693,0.03826598876103827,-0.011958762886597932,-20.879999999999995,0.17482517482517482,0.4125874125874126,0.4125874125874126,0.21646496674857596,0.07894736842105263,0.15337423312883436,0.12164948453608247,0.029179030662710187,0.5424170101974397,0.9761747187293184,1.028950122078828
NYI,NYI,2024-2025,82,4151.783333333334,58.94816283765611,42.22763711979189,27.50143512627104,2.5365485514256925,0.5,0.51,0.04303015444962001,0.060068446269678305,0.09223331581713085,0.059548254620123205,0.16940451745379878,0.771047227926078,0.07723035952063914,0.3515151515151515,0.2197070572569907,0.4665359156656043,0.7163520470703604,0.2836479529296396,0.3487337440109514,3.1360017984239703,5.159228765149113,15.853428446410579,0.325432999088423,0.201889400921659,0.24960118505013673,0.3901937721541346,2.630195056742685,0.546147563299755,24.900143311910146,0.5430056710775047,2.3411626329248074,0.5015479876160991,0.5000997236231017,1.002895950396663,0.08512874408828167,0.055441478439425054,0.039715616572689384,-0.007104571728849179,-13.52000000000001,0.14814814814814814,0.4382716049382716,0.41358024691358025,0.33238728739055906,0.10599078341013825,0.13793103448275862,0.14343434343434344,0.029738126941855306,0.5006257822277848,1.1330992658793488,1.031721589159224
SEA,SEA,2024-2025,82,4084.8,56.448296122209165,40.7021151586369,25.9400705052879,2.2621915393654524,0.48,0.48,0.040075461878740566,0.05557921328040418,0.0872083805209513,0.04511006856730422,0.16420064958498737,0.7906892818477084,0.057051574623459604,0.27472527472527475,0.20766773162939298,0.45953682019255787,0.7210512620348686,0.2789487379651314,0.36268495128112593,2.6586368977673325,5.3613396004700355,15.305522914218566,0.3502879078694818,0.19099447513812154,0.2244659437698851,0.4700352526439483,3.128672150411281,0.48693259972489683,23.883666274970622,0.5534219596258001,2.4676850763807288,0.4772727272727273,0.46143935762224353,1.0343130021073013,0.09513023782559456,0.06062793215445687,0.04371584699453552,0.00792185730464326,13.990000000000009,0.13095238095238096,0.38095238095238093,0.4880952380952381,0.2643948296122209,0.09944751381215469,0.176,0.14065934065934066,0.037425832952989506,0.6164191650322219,1.1218229623137599,1.3381201044386424
OTT,OTT,2024-2025,82,3958.766666666667,57.911975952106296,41.17949192930458,27.69044230947349,2.4016570817510505,0.5,0.5,0.04147081915728867,0.058321678321678325,0.08673234811165846,0.06256900993743099,0.16451969083548032,0.7729112992270887,0.08095238095238096,0.38031319910514544,0.21285714285714286,0.47814708191572886,0.7110704004187386,0.28892959958126146,0.3275671696724328,2.8645285147731196,5.092495137374435,14.049830334363397,0.36245954692556637,0.1979365079365079,0.23608481635744033,0.3485934171417024,4.061871121477227,0.5204826038159371,30.373095997911808,0.585878818227341,2.1218729739060147,0.4713804713804714,0.49834890083970185,0.9458844407727407,0.07662835249042145,0.05152741994847258,0.036639623135304895,-0.01010399562123701,-18.460000000000008,0.22857142857142856,0.3357142857142857,0.4357142857142857,0.3637496526696025,0.12698412698412698,0.18823529411764706,0.10514541387024609,0.029047619047619048,0.6944444444444444,0.8457800971747346,1.0733767376385712
LAK,LAK,2024-2025,82,4073.9333333333334,61.17920437251469,43.608961036835815,27.496768070169697,2.6200723297713924,0.53,0.54,0.0428261916225325,0.060081053698074975,0.09528655597214783,0.060452549814251945,0.17055048969942588,0.7689969604863222,0.07861220904699165,0.35445544554455444,0.22178304787000439,0.4494463168030814,0.7128069330765527,0.28719306692344726,0.3694697737250929,3.2842952756549773,4.315239981017527,15.037064916788035,0.28697355533790403,0.21533632286995516,0.2699269252388983,-0.4123778821450196,3.696673157799997,0.5008287292817679,24.2272005760199,0.5570563577084303,2.62154510792191,0.5874587458745875,0.5522272233431632,1.06379895999718,0.09534011783610069,0.06011482607227288,0.04285026480500722,5.356186395286122e-5,0.09999999999999432,0.19662921348314608,0.3089887640449438,0.4943820224719101,0.5007445711760952,0.15246636771300448,0.19553072625698323,0.10891089108910891,0.03864734299516908,0.6758061401815022,0.8692903429745534,1.400381922342457
DAL,DAL,2024-2025,82,4026.8166666666666,57.8124159282146,40.2898898633743,26.80529284919022,2.6440240222839377,0.5,0.48,0.04573453608247422,0.06562499999999999,0.09863813229571984,0.0613905325443787,0.21153846153846154,0.7270710059171598,0.0844354018311292,0.2902097902097902,0.29094608341810785,0.463659793814433,0.6969072164948453,0.3030927835051546,0.33468934911242604,3.248223369162573,4.797834517753891,17.850328423196157,0.2687813021702838,0.1822018348623853,0.2238377007607777,0.3874027871478298,3.1737228331726053,0.5301871869232797,17.284124349672407,0.555440414507772,2.7118195100348084,0.5384615384615384,0.5004230118443316,1.076012744651798,0.10116731517509728,0.0673076923076923,0.04690721649484536,0.002529182879377437,4.550000000000011,0.1813186813186813,0.4065934065934066,0.41208791208791207,0.3725026799498363,0.11467889908256881,0.19879518072289157,0.12937062937062938,0.03814852492370295,0.7318695941450432,1.0174618451808057,1.2577561630051988
CHI,CHI,2024-2025,82,4172.316666666667,48.2178166406353,34.49881960062156,23.51211756857701,2.0856039210830115,0.44,0.44,0.043253802564867286,0.060454355981659026,0.08870336391437308,0.06169237182159233,0.1763234681117132,0.7619841600666944,0.08096280087527352,0.34988179669030733,0.2314004376367615,0.48762302415747094,0.7154786758127051,0.284521324187295,0.31846602751146313,2.4303045070883877,5.1769800150995255,15.24333004445971,0.33962264150943394,0.19366863905325443,0.2256774460456457,-0.5320785015518956,3.5088420102341225,0.44619347452776187,21.08181306148862,0.6032018296169239,2.171455506333412,0.42178770949720673,0.43091870691704304,0.9788103944589388,0.09235474006116208,0.06294289287203002,0.04503429764390098,0.0036513761467889955,5.969999999999999,0.1456953642384106,0.36423841059602646,0.4900662251655629,0.2876100008388625,0.11834319526627218,0.14864864864864866,0.13002364066193853,0.04048140043763676,0.5249343832020997,1.0414694186707063,1.4708805406479823
